2026-06-03 11:44:08.947 +03 [3832] LOG:  starting PostgreSQL 15.10 on x86_64-apple-darwin23.6.0, compiled by Apple clang version 16.0.0 (clang-1600.0.26.4), 64-bit
2026-06-03 11:44:08.948 +03 [3832] LOG:  listening on IPv6 address "::1", port 5432
2026-06-03 11:44:08.948 +03 [3832] LOG:  listening on IPv4 address "127.0.0.1", port 5432
2026-06-03 11:44:08.948 +03 [3832] LOG:  listening on Unix socket "/tmp/.s.PGSQL.5432"
2026-06-03 11:44:08.950 +03 [3835] LOG:  database system was shut down at 2026-06-03 11:44:08 +03
2026-06-03 11:44:08.951 +03 [3832] LOG:  database system is ready to accept connections
2026-06-03 11:44:26.065 +03 [3863] FATAL:  database "dmx" does not exist
2026-06-03 11:44:26.083 +03 [3865] FATAL:  database "dmx" does not exist
2026-06-03 11:49:08.947 +03 [3833] LOG:  checkpoint starting: time
2026-06-03 11:51:00.566 +03 [3833] LOG:  checkpoint complete: wrote 1101 buffers (6.7%); 0 WAL file(s) added, 0 removed, 0 recycled; write=111.605 s, sync=0.013 s, total=111.619 s; sync files=428, longest=0.001 s, average=0.001 s; distance=5230 kB, estimate=5230 kB
2026-06-03 11:54:08.566 +03 [3833] LOG:  checkpoint starting: time
2026-06-03 11:54:15.569 +03 [3833] LOG:  checkpoint complete: wrote 70 buffers (0.4%); 0 WAL file(s) added, 0 removed, 0 recycled; write=6.995 s, sync=0.005 s, total=7.004 s; sync files=70, longest=0.001 s, average=0.001 s; distance=354 kB, estimate=4743 kB
2026-06-03 11:59:08.567 +03 [3833] LOG:  checkpoint starting: time
2026-06-03 11:59:16.417 +03 [3833] LOG:  checkpoint complete: wrote 78 buffers (0.5%); 0 WAL file(s) added, 0 removed, 0 recycled; write=7.844 s, sync=0.002 s, total=7.850 s; sync files=55, longest=0.001 s, average=0.001 s; distance=76 kB, estimate=4276 kB
2026-06-03 12:04:08.426 +03 [3833] LOG:  checkpoint starting: time
2026-06-03 12:04:20.807 +03 [3833] LOG:  checkpoint complete: wrote 122 buffers (0.7%); 0 WAL file(s) added, 0 removed, 0 recycled; write=12.371 s, sync=0.006 s, total=12.382 s; sync files=91, longest=0.003 s, average=0.001 s; distance=184 kB, estimate=3867 kB
2026-06-03 12:15:02.263 +03 [13945] ERROR:  column wp.participant_role does not exist
2026-06-03 12:15:02.263 +03 [13945] HINT:  Perhaps you meant to reference the column "wp.participantRole".
2026-06-03 12:15:02.263 +03 [13945] STATEMENT:  -- Sprint 3A.1 — RLS on commoditybid_submissions (sealed-bid SELECT enforcement)
	
	ALTER TABLE commoditybid_submissions ENABLE ROW LEVEL SECURITY;
	
	-- Buyer OWNER / workspace OPERATOR / platform ADMIN may read all submissions on their workspaces
	CREATE POLICY cb_submissions_workspace_read ON commoditybid_submissions
	  FOR SELECT
	  USING (
	    EXISTS (
	      SELECT 1
	      FROM workspace_participants wp
	      JOIN users u ON u.id = wp.user_id
	      WHERE wp.workspace_id = commoditybid_submissions.workspace_id
	        AND wp.user_id = NULLIF(current_setting('app.current_user_id', true), '')::uuid
	        AND (
	          wp.participant_role IN ('OWNER', 'OPERATOR')
	          OR u.role = 'ADMIN'
	        )
	    )
	  );
	
	-- Suppliers may only read their own submission rows
	CREATE POLICY cb_submissions_supplier_own ON commoditybid_submissions
	  FOR SELECT
	  USING (
	    supplier_user_id = NULLIF(current_setting('app.current_user_id', true), '')::uuid
	  );
	
	-- Writes remain application-layer (FSM); no broad INSERT/UPDATE policies in 3A.1
	
2026-06-03 12:19:08.867 +03 [3833] LOG:  checkpoint starting: time
2026-06-03 12:19:24.710 +03 [3833] LOG:  checkpoint complete: wrote 156 buffers (1.0%); 0 WAL file(s) added, 0 removed, 0 recycled; write=15.837 s, sync=0.005 s, total=15.844 s; sync files=102, longest=0.001 s, average=0.001 s; distance=548 kB, estimate=3535 kB
2026-06-03 12:24:08.712 +03 [3833] LOG:  checkpoint starting: time
2026-06-03 12:24:18.450 +03 [3833] LOG:  checkpoint complete: wrote 98 buffers (0.6%); 0 WAL file(s) added, 0 removed, 0 recycled; write=9.729 s, sync=0.005 s, total=9.739 s; sync files=62, longest=0.001 s, average=0.001 s; distance=391 kB, estimate=3221 kB
2026-06-03 12:34:08.390 +03 [3833] LOG:  checkpoint starting: time
2026-06-03 12:34:14.738 +03 [3833] LOG:  checkpoint complete: wrote 63 buffers (0.4%); 1 WAL file(s) added, 0 removed, 0 recycled; write=6.333 s, sync=0.004 s, total=6.349 s; sync files=56, longest=0.001 s, average=0.001 s; distance=318 kB, estimate=2930 kB
2026-06-03 12:36:05.841 +03 [22529] ERROR:  column order_status_updates.deltaDays does not exist at character 360
2026-06-03 12:36:05.841 +03 [22529] HINT:  Perhaps you meant to reference the column "order_status_updates.delta_days".
2026-06-03 12:36:05.841 +03 [22529] STATEMENT:  SELECT "public"."order_status_updates"."id", "public"."order_status_updates"."workspace_id", "public"."order_status_updates"."update_type", "public"."order_status_updates"."label", "public"."order_status_updates"."percentage", "public"."order_status_updates"."notes", "public"."order_status_updates"."previous_eta", "public"."order_status_updates"."new_eta", "public"."order_status_updates"."deltaDays", "public"."order_status_updates"."reason", "public"."order_status_updates"."reported_by_id", "public"."order_status_updates"."created_at" FROM "public"."order_status_updates" WHERE "public"."order_status_updates"."workspace_id" = $1 ORDER BY "public"."order_status_updates"."created_at" ASC OFFSET $2
2026-06-03 12:36:06.621 +03 [22542] ERROR:  column order_status_updates.deltaDays does not exist at character 360
2026-06-03 12:36:06.621 +03 [22542] HINT:  Perhaps you meant to reference the column "order_status_updates.delta_days".
2026-06-03 12:36:06.621 +03 [22542] STATEMENT:  SELECT "public"."order_status_updates"."id", "public"."order_status_updates"."workspace_id", "public"."order_status_updates"."update_type", "public"."order_status_updates"."label", "public"."order_status_updates"."percentage", "public"."order_status_updates"."notes", "public"."order_status_updates"."previous_eta", "public"."order_status_updates"."new_eta", "public"."order_status_updates"."deltaDays", "public"."order_status_updates"."reason", "public"."order_status_updates"."reported_by_id", "public"."order_status_updates"."created_at" FROM "public"."order_status_updates" WHERE "public"."order_status_updates"."workspace_id" = $1 ORDER BY "public"."order_status_updates"."created_at" ASC OFFSET $2
2026-06-03 12:36:07.357 +03 [22542] ERROR:  column order_status_updates.deltaDays does not exist at character 360
2026-06-03 12:36:07.357 +03 [22542] HINT:  Perhaps you meant to reference the column "order_status_updates.delta_days".
2026-06-03 12:36:07.357 +03 [22542] STATEMENT:  SELECT "public"."order_status_updates"."id", "public"."order_status_updates"."workspace_id", "public"."order_status_updates"."update_type", "public"."order_status_updates"."label", "public"."order_status_updates"."percentage", "public"."order_status_updates"."notes", "public"."order_status_updates"."previous_eta", "public"."order_status_updates"."new_eta", "public"."order_status_updates"."deltaDays", "public"."order_status_updates"."reason", "public"."order_status_updates"."reported_by_id", "public"."order_status_updates"."created_at" FROM "public"."order_status_updates" WHERE "public"."order_status_updates"."workspace_id" = $1 ORDER BY "public"."order_status_updates"."created_at" ASC OFFSET $2
2026-06-03 12:36:07.410 +03 [22542] ERROR:  column order_status_updates.deltaDays does not exist at character 524
2026-06-03 12:36:07.410 +03 [22542] HINT:  Perhaps you meant to reference the column "order_status_updates.delta_days".
2026-06-03 12:36:07.410 +03 [22542] STATEMENT:  INSERT INTO "public"."order_status_updates" ("id","workspace_id","update_type","label","percentage","reported_by_id","created_at") VALUES ($1,$2,$3,$4,$5,$6,$7) RETURNING "public"."order_status_updates"."id", "public"."order_status_updates"."workspace_id", "public"."order_status_updates"."update_type", "public"."order_status_updates"."label", "public"."order_status_updates"."percentage", "public"."order_status_updates"."notes", "public"."order_status_updates"."previous_eta", "public"."order_status_updates"."new_eta", "public"."order_status_updates"."deltaDays", "public"."order_status_updates"."reason", "public"."order_status_updates"."reported_by_id", "public"."order_status_updates"."created_at"
2026-06-03 12:36:08.372 +03 [22542] ERROR:  column order_status_updates.deltaDays does not exist at character 360
2026-06-03 12:36:08.372 +03 [22542] HINT:  Perhaps you meant to reference the column "order_status_updates.delta_days".
2026-06-03 12:36:08.372 +03 [22542] STATEMENT:  SELECT "public"."order_status_updates"."id", "public"."order_status_updates"."workspace_id", "public"."order_status_updates"."update_type", "public"."order_status_updates"."label", "public"."order_status_updates"."percentage", "public"."order_status_updates"."notes", "public"."order_status_updates"."previous_eta", "public"."order_status_updates"."new_eta", "public"."order_status_updates"."deltaDays", "public"."order_status_updates"."reason", "public"."order_status_updates"."reported_by_id", "public"."order_status_updates"."created_at" FROM "public"."order_status_updates" WHERE "public"."order_status_updates"."workspace_id" = $1 ORDER BY "public"."order_status_updates"."created_at" ASC OFFSET $2
2026-06-03 12:36:47.251 +03 [22569] ERROR:  column order_status_updates.deltaDays does not exist at character 360
2026-06-03 12:36:47.251 +03 [22569] HINT:  Perhaps you meant to reference the column "order_status_updates.delta_days".
2026-06-03 12:36:47.251 +03 [22569] STATEMENT:  SELECT "public"."order_status_updates"."id", "public"."order_status_updates"."workspace_id", "public"."order_status_updates"."update_type", "public"."order_status_updates"."label", "public"."order_status_updates"."percentage", "public"."order_status_updates"."notes", "public"."order_status_updates"."previous_eta", "public"."order_status_updates"."new_eta", "public"."order_status_updates"."deltaDays", "public"."order_status_updates"."reason", "public"."order_status_updates"."reported_by_id", "public"."order_status_updates"."created_at" FROM "public"."order_status_updates" WHERE "public"."order_status_updates"."workspace_id" = $1 ORDER BY "public"."order_status_updates"."created_at" ASC OFFSET $2
2026-06-03 12:36:47.850 +03 [22569] ERROR:  column order_status_updates.deltaDays does not exist at character 360
2026-06-03 12:36:47.850 +03 [22569] HINT:  Perhaps you meant to reference the column "order_status_updates.delta_days".
2026-06-03 12:36:47.850 +03 [22569] STATEMENT:  SELECT "public"."order_status_updates"."id", "public"."order_status_updates"."workspace_id", "public"."order_status_updates"."update_type", "public"."order_status_updates"."label", "public"."order_status_updates"."percentage", "public"."order_status_updates"."notes", "public"."order_status_updates"."previous_eta", "public"."order_status_updates"."new_eta", "public"."order_status_updates"."deltaDays", "public"."order_status_updates"."reason", "public"."order_status_updates"."reported_by_id", "public"."order_status_updates"."created_at" FROM "public"."order_status_updates" WHERE "public"."order_status_updates"."workspace_id" = $1 ORDER BY "public"."order_status_updates"."created_at" ASC OFFSET $2
2026-06-03 12:36:48.550 +03 [22542] ERROR:  column order_status_updates.deltaDays does not exist at character 360
2026-06-03 12:36:48.550 +03 [22542] HINT:  Perhaps you meant to reference the column "order_status_updates.delta_days".
2026-06-03 12:36:48.550 +03 [22542] STATEMENT:  SELECT "public"."order_status_updates"."id", "public"."order_status_updates"."workspace_id", "public"."order_status_updates"."update_type", "public"."order_status_updates"."label", "public"."order_status_updates"."percentage", "public"."order_status_updates"."notes", "public"."order_status_updates"."previous_eta", "public"."order_status_updates"."new_eta", "public"."order_status_updates"."deltaDays", "public"."order_status_updates"."reason", "public"."order_status_updates"."reported_by_id", "public"."order_status_updates"."created_at" FROM "public"."order_status_updates" WHERE "public"."order_status_updates"."workspace_id" = $1 ORDER BY "public"."order_status_updates"."created_at" ASC OFFSET $2
2026-06-03 12:36:48.608 +03 [22569] ERROR:  column order_status_updates.deltaDays does not exist at character 524
2026-06-03 12:36:48.608 +03 [22569] HINT:  Perhaps you meant to reference the column "order_status_updates.delta_days".
2026-06-03 12:36:48.608 +03 [22569] STATEMENT:  INSERT INTO "public"."order_status_updates" ("id","workspace_id","update_type","label","percentage","reported_by_id","created_at") VALUES ($1,$2,$3,$4,$5,$6,$7) RETURNING "public"."order_status_updates"."id", "public"."order_status_updates"."workspace_id", "public"."order_status_updates"."update_type", "public"."order_status_updates"."label", "public"."order_status_updates"."percentage", "public"."order_status_updates"."notes", "public"."order_status_updates"."previous_eta", "public"."order_status_updates"."new_eta", "public"."order_status_updates"."deltaDays", "public"."order_status_updates"."reason", "public"."order_status_updates"."reported_by_id", "public"."order_status_updates"."created_at"
2026-06-03 12:36:49.561 +03 [22569] ERROR:  column order_status_updates.deltaDays does not exist at character 360
2026-06-03 12:36:49.561 +03 [22569] HINT:  Perhaps you meant to reference the column "order_status_updates.delta_days".
2026-06-03 12:36:49.561 +03 [22569] STATEMENT:  SELECT "public"."order_status_updates"."id", "public"."order_status_updates"."workspace_id", "public"."order_status_updates"."update_type", "public"."order_status_updates"."label", "public"."order_status_updates"."percentage", "public"."order_status_updates"."notes", "public"."order_status_updates"."previous_eta", "public"."order_status_updates"."new_eta", "public"."order_status_updates"."deltaDays", "public"."order_status_updates"."reason", "public"."order_status_updates"."reported_by_id", "public"."order_status_updates"."created_at" FROM "public"."order_status_updates" WHERE "public"."order_status_updates"."workspace_id" = $1 ORDER BY "public"."order_status_updates"."created_at" ASC OFFSET $2
2026-06-03 12:37:16.285 +03 [22569] ERROR:  column order_status_updates.deltaDays does not exist at character 524
2026-06-03 12:37:16.285 +03 [22569] HINT:  Perhaps you meant to reference the column "order_status_updates.delta_days".
2026-06-03 12:37:16.285 +03 [22569] STATEMENT:  INSERT INTO "public"."order_status_updates" ("id","workspace_id","update_type","label","percentage","reported_by_id","created_at") VALUES ($1,$2,$3,$4,$5,$6,$7) RETURNING "public"."order_status_updates"."id", "public"."order_status_updates"."workspace_id", "public"."order_status_updates"."update_type", "public"."order_status_updates"."label", "public"."order_status_updates"."percentage", "public"."order_status_updates"."notes", "public"."order_status_updates"."previous_eta", "public"."order_status_updates"."new_eta", "public"."order_status_updates"."deltaDays", "public"."order_status_updates"."reason", "public"."order_status_updates"."reported_by_id", "public"."order_status_updates"."created_at"
2026-06-03 12:37:57.282 +03 [24105] ERROR:  column order_status_updates.deltaDays does not exist at character 524
2026-06-03 12:37:57.282 +03 [24105] HINT:  Perhaps you meant to reference the column "order_status_updates.delta_days".
2026-06-03 12:37:57.282 +03 [24105] STATEMENT:  INSERT INTO "public"."order_status_updates" ("id","workspace_id","update_type","label","percentage","reported_by_id","created_at") VALUES ($1,$2,$3,$4,$5,$6,$7) RETURNING "public"."order_status_updates"."id", "public"."order_status_updates"."workspace_id", "public"."order_status_updates"."update_type", "public"."order_status_updates"."label", "public"."order_status_updates"."percentage", "public"."order_status_updates"."notes", "public"."order_status_updates"."previous_eta", "public"."order_status_updates"."new_eta", "public"."order_status_updates"."deltaDays", "public"."order_status_updates"."reason", "public"."order_status_updates"."reported_by_id", "public"."order_status_updates"."created_at"
2026-06-03 12:38:49.325 +03 [24584] ERROR:  column order_status_updates.deltaDays does not exist at character 524
2026-06-03 12:38:49.325 +03 [24584] HINT:  Perhaps you meant to reference the column "order_status_updates.delta_days".
2026-06-03 12:38:49.325 +03 [24584] STATEMENT:  INSERT INTO "public"."order_status_updates" ("id","workspace_id","update_type","label","percentage","reported_by_id","created_at") VALUES ($1,$2,$3,$4,$5,$6,$7) RETURNING "public"."order_status_updates"."id", "public"."order_status_updates"."workspace_id", "public"."order_status_updates"."update_type", "public"."order_status_updates"."label", "public"."order_status_updates"."percentage", "public"."order_status_updates"."notes", "public"."order_status_updates"."previous_eta", "public"."order_status_updates"."new_eta", "public"."order_status_updates"."deltaDays", "public"."order_status_updates"."reason", "public"."order_status_updates"."reported_by_id", "public"."order_status_updates"."created_at"
2026-06-03 12:38:57.745 +03 [24665] FATAL:  password authentication failed for user "dmx"
2026-06-03 12:38:57.745 +03 [24665] DETAIL:  Connection matched pg_hba.conf line 87: "host    all             all             127.0.0.1/32            scram-sha-256"
2026-06-03 12:39:08.737 +03 [3833] LOG:  checkpoint starting: time
2026-06-03 12:39:23.059 +03 [3833] LOG:  checkpoint complete: wrote 141 buffers (0.9%); 0 WAL file(s) added, 0 removed, 0 recycled; write=14.315 s, sync=0.005 s, total=14.322 s; sync files=80, longest=0.001 s, average=0.001 s; distance=570 kB, estimate=2694 kB
2026-06-03 12:39:54.309 +03 [25220] ERROR:  column order_status_updates.deltaDays does not exist at character 524
2026-06-03 12:39:54.309 +03 [25220] HINT:  Perhaps you meant to reference the column "order_status_updates.delta_days".
2026-06-03 12:39:54.309 +03 [25220] STATEMENT:  INSERT INTO "public"."order_status_updates" ("id","workspace_id","update_type","label","percentage","reported_by_id","created_at") VALUES ($1,$2,$3,$4,$5,$6,$7) RETURNING "public"."order_status_updates"."id", "public"."order_status_updates"."workspace_id", "public"."order_status_updates"."update_type", "public"."order_status_updates"."label", "public"."order_status_updates"."percentage", "public"."order_status_updates"."notes", "public"."order_status_updates"."previous_eta", "public"."order_status_updates"."new_eta", "public"."order_status_updates"."deltaDays", "public"."order_status_updates"."reason", "public"."order_status_updates"."reported_by_id", "public"."order_status_updates"."created_at"
2026-06-03 12:44:08.058 +03 [3833] LOG:  checkpoint starting: time
2026-06-03 12:44:26.786 +03 [3833] LOG:  checkpoint complete: wrote 184 buffers (1.1%); 0 WAL file(s) added, 0 removed, 0 recycled; write=18.719 s, sync=0.005 s, total=18.729 s; sync files=99, longest=0.001 s, average=0.001 s; distance=667 kB, estimate=2492 kB
2026-06-03 12:49:08.808 +03 [3833] LOG:  checkpoint starting: time
2026-06-03 12:49:28.009 +03 [3833] LOG:  checkpoint complete: wrote 191 buffers (1.2%); 0 WAL file(s) added, 0 removed, 0 recycled; write=19.194 s, sync=0.006 s, total=19.201 s; sync files=101, longest=0.001 s, average=0.001 s; distance=813 kB, estimate=2324 kB
2026-06-03 13:29:09.018 +03 [3833] LOG:  checkpoint starting: time
2026-06-03 13:29:19.882 +03 [3833] LOG:  checkpoint complete: wrote 107 buffers (0.7%); 0 WAL file(s) added, 0 removed, 0 recycled; write=10.853 s, sync=0.006 s, total=10.865 s; sync files=73, longest=0.001 s, average=0.001 s; distance=516 kB, estimate=2143 kB
2026-06-03 13:34:09.883 +03 [3833] LOG:  checkpoint starting: time
2026-06-03 13:34:33.829 +03 [3833] LOG:  checkpoint complete: wrote 236 buffers (1.4%); 0 WAL file(s) added, 0 removed, 0 recycled; write=23.941 s, sync=0.001 s, total=23.946 s; sync files=109, longest=0.001 s, average=0.001 s; distance=1060 kB, estimate=2035 kB
2026-06-03 13:44:09.874 +03 [3833] LOG:  checkpoint starting: time
2026-06-03 13:44:10.495 +03 [3833] LOG:  checkpoint complete: wrote 6 buffers (0.0%); 0 WAL file(s) added, 0 removed, 0 recycled; write=0.617 s, sync=0.001 s, total=0.621 s; sync files=1, longest=0.001 s, average=0.001 s; distance=23 kB, estimate=1833 kB
2026-06-03 13:46:59.317 +03 [52491] ERROR:  workspaces.state can only be changed via applyTransition()
2026-06-03 13:46:59.317 +03 [52491] CONTEXT:  PL/pgSQL function block_direct_state_change() line 4 at RAISE
2026-06-03 13:46:59.317 +03 [52491] STATEMENT:  UPDATE workspaces SET state = $1 WHERE id = $2::uuid
2026-06-03 13:46:59.517 +03 [52493] WARNING:  you don't own a lock of type ExclusiveLock
2026-06-03 13:49:09.498 +03 [3833] LOG:  checkpoint starting: time
2026-06-03 13:49:33.854 +03 [3833] LOG:  checkpoint complete: wrote 241 buffers (1.5%); 0 WAL file(s) added, 0 removed, 1 recycled; write=24.346 s, sync=0.007 s, total=24.357 s; sync files=133, longest=0.001 s, average=0.001 s; distance=1071 kB, estimate=1757 kB
2026-06-03 13:54:09.793 +03 [3833] LOG:  checkpoint starting: time
2026-06-03 13:54:44.323 +03 [3833] LOG:  checkpoint complete: wrote 343 buffers (2.1%); 0 WAL file(s) added, 0 removed, 0 recycled; write=34.526 s, sync=0.003 s, total=34.531 s; sync files=109, longest=0.001 s, average=0.001 s; distance=1917 kB, estimate=1917 kB
2026-06-03 13:59:09.323 +03 [3833] LOG:  checkpoint starting: time
2026-06-03 13:59:32.082 +03 [3833] LOG:  checkpoint complete: wrote 224 buffers (1.4%); 0 WAL file(s) added, 0 removed, 0 recycled; write=22.751 s, sync=0.006 s, total=22.760 s; sync files=82, longest=0.001 s, average=0.001 s; distance=1267 kB, estimate=1852 kB
2026-06-03 14:03:03.865 +03 [59514] LOG:  could not receive data from client: Connection reset by peer
2026-06-03 14:04:09.081 +03 [3833] LOG:  checkpoint starting: time
2026-06-03 14:04:12.358 +03 [3833] LOG:  checkpoint complete: wrote 33 buffers (0.2%); 0 WAL file(s) added, 0 removed, 0 recycled; write=3.272 s, sync=0.002 s, total=3.278 s; sync files=31, longest=0.001 s, average=0.001 s; distance=122 kB, estimate=1679 kB
2026-06-03 14:06:50.345 +03 [61351] WARNING:  you don't own a lock of type ExclusiveLock
2026-06-03 14:06:50.346 +03 [61350] WARNING:  you don't own a lock of type ExclusiveLock
2026-06-03 14:07:46.544 +03 [61764] WARNING:  you don't own a lock of type ExclusiveLock
2026-06-03 14:07:46.553 +03 [61763] WARNING:  you don't own a lock of type ExclusiveLock
2026-06-03 14:07:46.664 +03 [61767] WARNING:  you don't own a lock of type ExclusiveLock
2026-06-03 14:07:50.576 +03 [61804] WARNING:  you don't own a lock of type ExclusiveLock
2026-06-03 14:08:16.158 +03 [62003] WARNING:  you don't own a lock of type ExclusiveLock
2026-06-03 14:09:01.045 +03 [62430] WARNING:  you don't own a lock of type ExclusiveLock
2026-06-03 14:09:01.060 +03 [62432] WARNING:  you don't own a lock of type ExclusiveLock
2026-06-03 14:09:09.357 +03 [3833] LOG:  checkpoint starting: time
2026-06-03 14:09:15.507 +03 [3833] LOG:  checkpoint complete: wrote 61 buffers (0.4%); 0 WAL file(s) added, 0 removed, 0 recycled; write=6.145 s, sync=0.003 s, total=6.150 s; sync files=47, longest=0.001 s, average=0.001 s; distance=306 kB, estimate=1541 kB
2026-06-03 14:09:22.288 +03 [62653] WARNING:  you don't own a lock of type ExclusiveLock
2026-06-03 14:09:23.420 +03 [62723] WARNING:  you don't own a lock of type ExclusiveLock
2026-06-03 14:09:28.381 +03 [62826] WARNING:  you don't own a lock of type ExclusiveLock
2026-06-03 14:09:28.382 +03 [62828] WARNING:  you don't own a lock of type ExclusiveLock
2026-06-03 14:09:28.409 +03 [62832] WARNING:  you don't own a lock of type ExclusiveLock
2026-06-03 14:14:09.513 +03 [3833] LOG:  checkpoint starting: time
2026-06-03 14:14:38.243 +03 [3833] LOG:  checkpoint complete: wrote 282 buffers (1.7%); 0 WAL file(s) added, 0 removed, 0 recycled; write=28.724 s, sync=0.004 s, total=28.730 s; sync files=116, longest=0.001 s, average=0.001 s; distance=1342 kB, estimate=1521 kB
2026-06-03 14:24:09.242 +03 [3833] LOG:  checkpoint starting: time
2026-06-03 14:24:11.717 +03 [3833] LOG:  checkpoint complete: wrote 25 buffers (0.2%); 0 WAL file(s) added, 0 removed, 0 recycled; write=2.468 s, sync=0.002 s, total=2.476 s; sync files=9, longest=0.001 s, average=0.001 s; distance=78 kB, estimate=1377 kB
2026-06-03 14:24:28.427 +03 [69174] WARNING:  you don't own a lock of type ExclusiveLock
2026-06-03 14:29:09.745 +03 [3833] LOG:  checkpoint starting: time
2026-06-03 14:29:10.678 +03 [3833] LOG:  checkpoint complete: wrote 10 buffers (0.1%); 0 WAL file(s) added, 0 removed, 0 recycled; write=0.923 s, sync=0.003 s, total=0.933 s; sync files=9, longest=0.002 s, average=0.001 s; distance=10 kB, estimate=1240 kB
2026-06-03 14:30:00.515 +03 [71287] WARNING:  you don't own a lock of type ExclusiveLock
2026-06-03 14:30:00.531 +03 [71288] WARNING:  you don't own a lock of type ExclusiveLock
2026-06-03 14:30:01.150 +03 [71307] WARNING:  you don't own a lock of type ExclusiveLock
2026-06-03 14:30:08.698 +03 [71372] WARNING:  you don't own a lock of type ExclusiveLock
2026-06-03 14:30:08.714 +03 [71373] WARNING:  you don't own a lock of type ExclusiveLock
2026-06-03 14:30:47.536 +03 [71643] WARNING:  you don't own a lock of type ExclusiveLock
2026-06-03 14:30:47.542 +03 [71642] WARNING:  you don't own a lock of type ExclusiveLock
2026-06-03 14:30:47.542 +03 [71644] WARNING:  you don't own a lock of type ExclusiveLock
2026-06-03 14:30:51.548 +03 [71699] LOG:  could not receive data from client: Connection reset by peer
2026-06-03 14:30:51.548 +03 [71698] LOG:  could not receive data from client: Connection reset by peer
2026-06-03 14:30:52.635 +03 [71717] WARNING:  you don't own a lock of type ExclusiveLock
2026-06-03 14:30:52.640 +03 [71718] WARNING:  you don't own a lock of type ExclusiveLock
2026-06-03 14:30:53.061 +03 [71728] WARNING:  you don't own a lock of type ExclusiveLock
2026-06-03 14:30:53.910 +03 [71757] WARNING:  you don't own a lock of type ExclusiveLock
2026-06-03 14:32:44.425 +03 [72636] WARNING:  you don't own a lock of type ExclusiveLock
2026-06-03 14:32:44.426 +03 [72636] WARNING:  you don't own a lock of type ExclusiveLock
2026-06-03 14:32:44.440 +03 [72637] WARNING:  you don't own a lock of type ExclusiveLock
2026-06-03 14:32:49.136 +03 [72699] WARNING:  you don't own a lock of type ExclusiveLock
2026-06-03 14:32:49.136 +03 [72699] WARNING:  you don't own a lock of type ExclusiveLock
2026-06-03 14:32:49.145 +03 [72697] WARNING:  you don't own a lock of type ExclusiveLock
2026-06-03 14:32:52.191 +03 [72779] WARNING:  you don't own a lock of type ExclusiveLock
2026-06-03 14:32:52.193 +03 [72781] WARNING:  you don't own a lock of type ExclusiveLock
2026-06-03 14:32:52.203 +03 [72779] WARNING:  you don't own a lock of type ExclusiveLock
2026-06-03 14:32:53.800 +03 [72866] ERROR:  workspaces.state can only be changed via applyTransition()
2026-06-03 14:32:53.800 +03 [72866] CONTEXT:  PL/pgSQL function block_direct_state_change() line 4 at RAISE
2026-06-03 14:32:53.800 +03 [72866] STATEMENT:  UPDATE workspaces SET state = $1 WHERE id = $2::uuid
2026-06-03 14:32:53.999 +03 [72867] WARNING:  you don't own a lock of type ExclusiveLock
2026-06-03 14:33:54.179 +03 [73124] ERROR:  insert or update on table "timeline_events" violates foreign key constraint "timeline_events_actor_user_id_fkey"
2026-06-03 14:33:54.179 +03 [73124] DETAIL:  Key (actor_user_id)=(00000000-0000-0000-0000-000000000001) is not present in table "users".
2026-06-03 14:33:54.179 +03 [73124] STATEMENT:  INSERT INTO "public"."timeline_events" ("id","workspace_id","event_type","actor_user_id","payload","created_at") VALUES ($1,$2,$3,$4,$5,$6) RETURNING "public"."timeline_events"."id", "public"."timeline_events"."workspace_id", "public"."timeline_events"."event_type", "public"."timeline_events"."actor_user_id", "public"."timeline_events"."payload", "public"."timeline_events"."created_at"
2026-06-03 14:33:58.292 +03 [73510] WARNING:  you don't own a lock of type ExclusiveLock
2026-06-03 14:33:58.307 +03 [73512] WARNING:  you don't own a lock of type ExclusiveLock
2026-06-03 14:33:58.309 +03 [73511] WARNING:  you don't own a lock of type ExclusiveLock
2026-06-03 14:34:09.679 +03 [3833] LOG:  checkpoint starting: time
2026-06-03 14:34:10.015 +03 [73511] ERROR:  insert or update on table "timeline_events" violates foreign key constraint "timeline_events_actor_user_id_fkey"
2026-06-03 14:34:10.015 +03 [73511] DETAIL:  Key (actor_user_id)=(00000000-0000-0000-0000-000000000001) is not present in table "users".
2026-06-03 14:34:10.015 +03 [73511] STATEMENT:  INSERT INTO "public"."timeline_events" ("id","workspace_id","event_type","actor_user_id","payload","created_at") VALUES ($1,$2,$3,$4,$5,$6) RETURNING "public"."timeline_events"."id", "public"."timeline_events"."workspace_id", "public"."timeline_events"."event_type", "public"."timeline_events"."actor_user_id", "public"."timeline_events"."payload", "public"."timeline_events"."created_at"
2026-06-03 14:34:15.469 +03 [73682] WARNING:  you don't own a lock of type ExclusiveLock
2026-06-03 14:34:15.481 +03 [73683] ERROR:  insert or update on table "timeline_events" violates foreign key constraint "timeline_events_actor_user_id_fkey"
2026-06-03 14:34:15.481 +03 [73683] DETAIL:  Key (actor_user_id)=(00000000-0000-0000-0000-000000000001) is not present in table "users".
2026-06-03 14:34:15.481 +03 [73683] STATEMENT:  INSERT INTO "public"."timeline_events" ("id","workspace_id","event_type","actor_user_id","payload","created_at") VALUES ($1,$2,$3,$4,$5,$6) RETURNING "public"."timeline_events"."id", "public"."timeline_events"."workspace_id", "public"."timeline_events"."event_type", "public"."timeline_events"."actor_user_id", "public"."timeline_events"."payload", "public"."timeline_events"."created_at"
2026-06-03 14:34:15.493 +03 [73688] WARNING:  you don't own a lock of type ExclusiveLock
2026-06-03 14:34:18.288 +03 [73770] WARNING:  you don't own a lock of type ExclusiveLock
2026-06-03 14:34:18.320 +03 [73769] WARNING:  you don't own a lock of type ExclusiveLock
2026-06-03 14:34:18.320 +03 [73773] WARNING:  you don't own a lock of type ExclusiveLock
2026-06-03 14:34:33.671 +03 [73981] WARNING:  you don't own a lock of type ExclusiveLock
2026-06-03 14:34:33.680 +03 [73983] WARNING:  you don't own a lock of type ExclusiveLock
2026-06-03 14:34:44.348 +03 [3833] LOG:  checkpoint complete: wrote 343 buffers (2.1%); 0 WAL file(s) added, 0 removed, 0 recycled; write=34.661 s, sync=0.004 s, total=34.670 s; sync files=159, longest=0.001 s, average=0.001 s; distance=1706 kB, estimate=1706 kB
2026-06-03 14:39:09.350 +03 [3833] LOG:  checkpoint starting: time
2026-06-03 14:40:12.690 +03 [3833] LOG:  checkpoint complete: wrote 624 buffers (3.8%); 0 WAL file(s) added, 0 removed, 0 recycled; write=63.334 s, sync=0.005 s, total=63.340 s; sync files=128, longest=0.001 s, average=0.001 s; distance=3185 kB, estimate=3185 kB
2026-06-03 14:51:13.332 +03 [80978] WARNING:  you don't own a lock of type ExclusiveLock
2026-06-03 14:54:09.712 +03 [3833] LOG:  checkpoint starting: time
2026-06-03 14:54:21.665 +03 [3833] LOG:  checkpoint complete: wrote 117 buffers (0.7%); 0 WAL file(s) added, 0 removed, 0 recycled; write=11.944 s, sync=0.004 s, total=11.954 s; sync files=35, longest=0.001 s, average=0.001 s; distance=1458 kB, estimate=3013 kB
2026-06-03 15:04:09.558 +03 [3833] LOG:  checkpoint starting: time
2026-06-03 15:04:10.892 +03 [3833] LOG:  checkpoint complete: wrote 14 buffers (0.1%); 0 WAL file(s) added, 0 removed, 0 recycled; write=1.329 s, sync=0.002 s, total=1.335 s; sync files=9, longest=0.001 s, average=0.001 s; distance=31 kB, estimate=2715 kB
2026-06-03 15:06:13.170 +03 [85222] WARNING:  you don't own a lock of type ExclusiveLock
2026-06-03 15:06:13.173 +03 [85224] WARNING:  you don't own a lock of type ExclusiveLock
2026-06-03 15:06:13.193 +03 [85224] WARNING:  you don't own a lock of type ExclusiveLock
2026-06-03 15:06:59.183 +03 [87044] WARNING:  you don't own a lock of type ExclusiveLock
2026-06-03 15:06:59.206 +03 [87049] WARNING:  you don't own a lock of type ExclusiveLock
2026-06-03 15:06:59.227 +03 [87043] WARNING:  you don't own a lock of type ExclusiveLock
2026-06-03 15:06:59.973 +03 [87063] WARNING:  you don't own a lock of type ExclusiveLock
2026-06-03 15:07:35.644 +03 [87304] WARNING:  you don't own a lock of type ExclusiveLock
2026-06-03 15:07:35.664 +03 [87303] WARNING:  you don't own a lock of type ExclusiveLock
2026-06-03 15:07:35.689 +03 [87307] WARNING:  you don't own a lock of type ExclusiveLock
2026-06-03 15:07:36.099 +03 [87320] WARNING:  you don't own a lock of type ExclusiveLock
2026-06-03 15:07:36.124 +03 [87317] WARNING:  you don't own a lock of type ExclusiveLock
2026-06-03 15:07:36.144 +03 [87321] WARNING:  you don't own a lock of type ExclusiveLock
2026-06-03 15:07:49.282 +03 [87410] WARNING:  you don't own a lock of type ExclusiveLock
2026-06-03 15:07:49.285 +03 [87412] WARNING:  you don't own a lock of type ExclusiveLock
2026-06-03 15:07:49.299 +03 [87411] WARNING:  you don't own a lock of type ExclusiveLock
2026-06-03 15:09:09.887 +03 [3833] LOG:  checkpoint starting: time
2026-06-03 15:09:17.182 +03 [3833] LOG:  checkpoint complete: wrote 72 buffers (0.4%); 0 WAL file(s) added, 0 removed, 0 recycled; write=7.288 s, sync=0.003 s, total=7.295 s; sync files=27, longest=0.001 s, average=0.001 s; distance=359 kB, estimate=2479 kB
2026-06-03 15:09:46.516 +03 [88355] WARNING:  you don't own a lock of type ExclusiveLock
2026-06-03 15:09:46.544 +03 [88349] WARNING:  you don't own a lock of type ExclusiveLock
2026-06-03 15:12:05.717 +03 [89534] WARNING:  you don't own a lock of type ExclusiveLock
2026-06-03 15:12:05.752 +03 [89538] WARNING:  you don't own a lock of type ExclusiveLock
2026-06-03 15:14:09.177 +03 [3833] LOG:  checkpoint starting: time
2026-06-03 15:14:53.933 +03 [3833] LOG:  checkpoint complete: wrote 442 buffers (2.7%); 0 WAL file(s) added, 0 removed, 0 recycled; write=44.752 s, sync=0.004 s, total=44.757 s; sync files=166, longest=0.001 s, average=0.001 s; distance=1756 kB, estimate=2407 kB
2026-06-03 15:19:09.930 +03 [3833] LOG:  checkpoint starting: time
2026-06-03 15:19:34.962 +03 [3833] LOG:  checkpoint complete: wrote 247 buffers (1.5%); 0 WAL file(s) added, 0 removed, 0 recycled; write=25.023 s, sync=0.002 s, total=25.032 s; sync files=64, longest=0.001 s, average=0.001 s; distance=1806 kB, estimate=2347 kB
2026-06-03 15:27:05.728 +03 [95515] WARNING:  you don't own a lock of type ExclusiveLock
2026-06-03 15:27:05.730 +03 [95514] WARNING:  you don't own a lock of type ExclusiveLock
2026-06-03 15:42:05.787 +03 [1536] WARNING:  you don't own a lock of type ExclusiveLock
2026-06-03 15:50:31.260 +03 [4838] WARNING:  you don't own a lock of type ExclusiveLock
2026-06-03 15:50:31.290 +03 [4838] WARNING:  you don't own a lock of type ExclusiveLock
2026-06-03 15:50:31.309 +03 [4842] WARNING:  you don't own a lock of type ExclusiveLock
2026-06-03 15:50:32.178 +03 [4858] WARNING:  you don't own a lock of type ExclusiveLock
2026-06-03 15:50:33.233 +03 [4872] WARNING:  you don't own a lock of type ExclusiveLock
2026-06-03 15:50:33.258 +03 [4876] WARNING:  you don't own a lock of type ExclusiveLock
2026-06-03 15:50:34.139 +03 [4892] WARNING:  you don't own a lock of type ExclusiveLock
2026-06-03 15:50:34.142 +03 [4893] WARNING:  you don't own a lock of type ExclusiveLock
2026-06-03 15:50:34.172 +03 [4894] WARNING:  you don't own a lock of type ExclusiveLock
2026-06-03 15:50:34.196 +03 [4899] WARNING:  you don't own a lock of type ExclusiveLock
2026-06-03 15:50:45.084 +03 [4973] WARNING:  you don't own a lock of type ExclusiveLock
2026-06-03 15:50:45.110 +03 [4976] WARNING:  you don't own a lock of type ExclusiveLock
2026-06-03 15:50:45.683 +03 [4985] WARNING:  you don't own a lock of type ExclusiveLock
2026-06-03 15:51:26.329 +03 [5265] WARNING:  you don't own a lock of type ExclusiveLock
2026-06-03 15:51:38.547 +03 [5354] WARNING:  you don't own a lock of type ExclusiveLock
2026-06-03 15:53:24.941 +03 [6202] WARNING:  you don't own a lock of type ExclusiveLock
2026-06-03 15:53:24.975 +03 [6199] WARNING:  you don't own a lock of type ExclusiveLock
2026-06-03 15:53:25.044 +03 [6203] WARNING:  you don't own a lock of type ExclusiveLock
2026-06-03 15:53:29.094 +03 [6364] WARNING:  you don't own a lock of type ExclusiveLock
2026-06-03 15:53:29.206 +03 [6377] WARNING:  you don't own a lock of type ExclusiveLock
2026-06-03 15:53:29.464 +03 [6360] WARNING:  you don't own a lock of type ExclusiveLock
2026-06-03 15:54:10.040 +03 [3833] LOG:  checkpoint starting: time
2026-06-03 15:54:51.106 +03 [3833] LOG:  checkpoint complete: wrote 408 buffers (2.5%); 0 WAL file(s) added, 0 removed, 1 recycled; write=41.063 s, sync=0.003 s, total=41.067 s; sync files=160, longest=0.001 s, average=0.001 s; distance=2108 kB, estimate=2323 kB
2026-06-03 15:59:10.108 +03 [3833] LOG:  checkpoint starting: time
2026-06-03 15:59:49.425 +03 [3833] LOG:  checkpoint complete: wrote 387 buffers (2.4%); 0 WAL file(s) added, 0 removed, 0 recycled; write=39.309 s, sync=0.003 s, total=39.317 s; sync files=115, longest=0.001 s, average=0.001 s; distance=2006 kB, estimate=2291 kB
2026-06-03 16:00:14.271 +03 [9299] WARNING:  you don't own a lock of type ExclusiveLock
2026-06-03 16:00:14.274 +03 [9301] WARNING:  you don't own a lock of type ExclusiveLock
2026-06-03 16:00:14.313 +03 [9306] WARNING:  you don't own a lock of type ExclusiveLock
2026-06-03 16:00:14.327 +03 [9299] WARNING:  you don't own a lock of type ExclusiveLock
2026-06-03 16:00:15.314 +03 [9316] WARNING:  you don't own a lock of type ExclusiveLock
2026-06-03 16:00:15.780 +03 [9327] WARNING:  you don't own a lock of type ExclusiveLock
2026-06-03 16:00:15.863 +03 [9325] WARNING:  you don't own a lock of type ExclusiveLock
2026-06-03 16:00:15.896 +03 [9337] WARNING:  you don't own a lock of type ExclusiveLock
2026-06-03 16:01:18.669 +03 [9746] WARNING:  you don't own a lock of type ExclusiveLock
2026-06-03 16:01:18.693 +03 [9745] WARNING:  you don't own a lock of type ExclusiveLock
2026-06-03 16:01:19.100 +03 [9761] WARNING:  you don't own a lock of type ExclusiveLock
2026-06-03 16:01:19.132 +03 [9768] WARNING:  you don't own a lock of type ExclusiveLock
2026-06-03 16:01:19.146 +03 [9768] WARNING:  you don't own a lock of type ExclusiveLock
2026-06-03 16:01:19.607 +03 [9776] WARNING:  you don't own a lock of type ExclusiveLock
2026-06-03 16:01:20.473 +03 [9790] WARNING:  you don't own a lock of type ExclusiveLock
2026-06-03 16:01:20.497 +03 [9792] WARNING:  you don't own a lock of type ExclusiveLock
2026-06-03 16:03:03.829 +03 [10513] LOG:  could not receive data from client: Connection reset by peer
2026-06-03 16:03:05.553 +03 [10627] WARNING:  you don't own a lock of type ExclusiveLock
2026-06-03 16:03:05.572 +03 [10633] WARNING:  you don't own a lock of type ExclusiveLock
2026-06-03 16:03:10.094 +03 [10688] WARNING:  you don't own a lock of type ExclusiveLock
2026-06-03 16:03:10.122 +03 [10689] WARNING:  you don't own a lock of type ExclusiveLock
2026-06-03 16:03:10.143 +03 [10692] WARNING:  you don't own a lock of type ExclusiveLock
2026-06-03 16:03:10.813 +03 [10754] WARNING:  you don't own a lock of type ExclusiveLock
2026-06-03 16:03:10.851 +03 [10758] WARNING:  you don't own a lock of type ExclusiveLock
2026-06-03 16:03:16.329 +03 [10807] WARNING:  you don't own a lock of type ExclusiveLock
2026-06-03 16:03:16.360 +03 [10811] WARNING:  you don't own a lock of type ExclusiveLock
2026-06-03 16:03:16.375 +03 [10808] WARNING:  you don't own a lock of type ExclusiveLock
2026-06-03 16:03:17.026 +03 [10828] WARNING:  you don't own a lock of type ExclusiveLock
2026-06-03 16:03:17.077 +03 [10829] WARNING:  you don't own a lock of type ExclusiveLock
2026-06-03 16:03:17.094 +03 [10837] WARNING:  you don't own a lock of type ExclusiveLock
2026-06-03 16:03:17.480 +03 [10891] WARNING:  you don't own a lock of type ExclusiveLock
2026-06-03 16:03:17.660 +03 [10901] WARNING:  you don't own a lock of type ExclusiveLock
2026-06-03 16:03:42.145 +03 [11201] WARNING:  you don't own a lock of type ExclusiveLock
2026-06-03 16:03:42.177 +03 [11199] WARNING:  you don't own a lock of type ExclusiveLock
2026-06-03 16:03:42.195 +03 [11203] WARNING:  you don't own a lock of type ExclusiveLock
2026-06-03 16:03:42.848 +03 [11219] WARNING:  you don't own a lock of type ExclusiveLock
2026-06-03 16:03:42.937 +03 [11216] WARNING:  you don't own a lock of type ExclusiveLock
2026-06-03 16:03:42.989 +03 [11220] WARNING:  you don't own a lock of type ExclusiveLock
2026-06-03 16:03:43.458 +03 [11232] WARNING:  you don't own a lock of type ExclusiveLock
2026-06-03 16:03:43.893 +03 [11244] WARNING:  you don't own a lock of type ExclusiveLock
2026-06-03 16:03:43.925 +03 [11244] WARNING:  you don't own a lock of type ExclusiveLock
2026-06-03 16:03:43.953 +03 [11253] WARNING:  you don't own a lock of type ExclusiveLock
2026-06-03 16:03:44.180 +03 [11307] LOG:  could not receive data from client: Connection reset by peer
2026-06-03 16:04:10.426 +03 [3833] LOG:  checkpoint starting: time
2026-06-03 16:04:48.286 +03 [3833] LOG:  checkpoint complete: wrote 373 buffers (2.3%); 0 WAL file(s) added, 0 removed, 0 recycled; write=37.854 s, sync=0.003 s, total=37.861 s; sync files=130, longest=0.001 s, average=0.001 s; distance=2106 kB, estimate=2272 kB
2026-06-03 16:07:05.284 +03 [12761] WARNING:  you don't own a lock of type ExclusiveLock
2026-06-03 16:07:05.314 +03 [12758] WARNING:  you don't own a lock of type ExclusiveLock
2026-06-03 16:07:05.329 +03 [12762] WARNING:  you don't own a lock of type ExclusiveLock
2026-06-03 16:07:05.780 +03 [12773] LOG:  could not receive data from client: Connection reset by peer
2026-06-03 16:07:05.781 +03 [12772] LOG:  could not receive data from client: Connection reset by peer
2026-06-03 16:09:10.281 +03 [3833] LOG:  checkpoint starting: time
2026-06-03 16:09:59.574 +03 [3833] LOG:  checkpoint complete: wrote 486 buffers (3.0%); 0 WAL file(s) added, 0 removed, 0 recycled; write=49.286 s, sync=0.004 s, total=49.294 s; sync files=137, longest=0.001 s, average=0.001 s; distance=2635 kB, estimate=2635 kB
2026-06-03 16:10:07.604 +03 [14140] LOG:  could not receive data from client: Connection reset by peer
2026-06-03 16:10:07.604 +03 [14139] LOG:  could not receive data from client: Connection reset by peer
2026-06-03 16:12:15.294 +03 [15088] WARNING:  you don't own a lock of type ExclusiveLock
2026-06-03 16:14:10.576 +03 [3833] LOG:  checkpoint starting: time
2026-06-03 16:15:36.542 +03 [3833] LOG:  checkpoint complete: wrote 845 buffers (5.2%); 0 WAL file(s) added, 0 removed, 0 recycled; write=85.959 s, sync=0.003 s, total=85.967 s; sync files=170, longest=0.001 s, average=0.001 s; distance=6205 kB, estimate=6205 kB
2026-06-03 16:23:16.222 +03 [19604] WARNING:  you don't own a lock of type ExclusiveLock
2026-06-03 16:23:16.297 +03 [19606] WARNING:  you don't own a lock of type ExclusiveLock
2026-06-03 16:23:17.098 +03 [19621] WARNING:  you don't own a lock of type ExclusiveLock
2026-06-03 16:23:17.149 +03 [19619] WARNING:  you don't own a lock of type ExclusiveLock
2026-06-03 16:23:18.194 +03 [19634] WARNING:  you don't own a lock of type ExclusiveLock
2026-06-03 16:23:18.241 +03 [19635] WARNING:  you don't own a lock of type ExclusiveLock
2026-06-03 16:23:18.270 +03 [19636] WARNING:  you don't own a lock of type ExclusiveLock
2026-06-03 16:23:58.368 +03 [19908] WARNING:  you don't own a lock of type ExclusiveLock
2026-06-03 16:24:01.084 +03 [19933] WARNING:  you don't own a lock of type ExclusiveLock
2026-06-03 16:24:01.084 +03 [19934] WARNING:  you don't own a lock of type ExclusiveLock
2026-06-03 16:24:01.131 +03 [19934] WARNING:  you don't own a lock of type ExclusiveLock
2026-06-03 16:24:01.161 +03 [19933] WARNING:  you don't own a lock of type ExclusiveLock
2026-06-03 16:24:01.719 +03 [19945] LOG:  could not receive data from client: Connection reset by peer
2026-06-03 16:24:10.545 +03 [3833] LOG:  checkpoint starting: time
2026-06-03 16:24:11.874 +03 [20017] WARNING:  you don't own a lock of type ExclusiveLock
2026-06-03 16:24:11.876 +03 [20014] WARNING:  you don't own a lock of type ExclusiveLock
2026-06-03 16:24:12.632 +03 [20022] WARNING:  you don't own a lock of type ExclusiveLock
2026-06-03 16:24:12.663 +03 [20025] WARNING:  you don't own a lock of type ExclusiveLock
2026-06-03 16:24:15.761 +03 [20056] WARNING:  you don't own a lock of type ExclusiveLock
2026-06-03 16:24:15.811 +03 [20058] WARNING:  you don't own a lock of type ExclusiveLock
2026-06-03 16:24:15.843 +03 [20056] WARNING:  you don't own a lock of type ExclusiveLock
2026-06-03 16:24:18.398 +03 [20089] WARNING:  you don't own a lock of type ExclusiveLock
2026-06-03 16:24:18.444 +03 [20088] WARNING:  you don't own a lock of type ExclusiveLock
2026-06-03 16:24:18.468 +03 [20086] WARNING:  you don't own a lock of type ExclusiveLock
2026-06-03 16:24:21.968 +03 [3833] LOG:  checkpoint complete: wrote 113 buffers (0.7%); 0 WAL file(s) added, 0 removed, 0 recycled; write=11.421 s, sync=0.002 s, total=11.424 s; sync files=19, longest=0.001 s, average=0.001 s; distance=588 kB, estimate=5643 kB
2026-06-03 16:24:25.284 +03 [20143] WARNING:  you don't own a lock of type ExclusiveLock
2026-06-03 16:24:25.331 +03 [20142] WARNING:  you don't own a lock of type ExclusiveLock
2026-06-03 16:24:25.354 +03 [20140] WARNING:  you don't own a lock of type ExclusiveLock
2026-06-03 16:24:25.799 +03 [20152] LOG:  could not receive data from client: Connection reset by peer
2026-06-03 16:24:25.799 +03 [20151] LOG:  could not receive data from client: Connection reset by peer
2026-06-03 16:24:26.279 +03 [20156] WARNING:  you don't own a lock of type ExclusiveLock
2026-06-03 16:24:26.354 +03 [20156] WARNING:  you don't own a lock of type ExclusiveLock
2026-06-03 16:24:58.213 +03 [20396] WARNING:  you don't own a lock of type ExclusiveLock
2026-06-03 16:24:58.292 +03 [20394] WARNING:  you don't own a lock of type ExclusiveLock
2026-06-03 16:24:58.805 +03 [20411] WARNING:  you don't own a lock of type ExclusiveLock
2026-06-03 16:24:58.859 +03 [20410] WARNING:  you don't own a lock of type ExclusiveLock
2026-06-03 16:24:59.327 +03 [20421] WARNING:  you don't own a lock of type ExclusiveLock
2026-06-03 16:24:59.329 +03 [20420] WARNING:  you don't own a lock of type ExclusiveLock
2026-06-03 16:24:59.399 +03 [20420] WARNING:  you don't own a lock of type ExclusiveLock
2026-06-03 16:24:59.420 +03 [20421] WARNING:  you don't own a lock of type ExclusiveLock
2026-06-03 16:25:00.353 +03 [20449] WARNING:  you don't own a lock of type ExclusiveLock
2026-06-03 16:25:00.356 +03 [20450] WARNING:  you don't own a lock of type ExclusiveLock
2026-06-03 16:25:00.409 +03 [20449] WARNING:  you don't own a lock of type ExclusiveLock
2026-06-03 16:25:00.440 +03 [20448] WARNING:  you don't own a lock of type ExclusiveLock
2026-06-03 16:26:04.444 +03 [21071] WARNING:  you don't own a lock of type ExclusiveLock
2026-06-03 16:26:08.267 +03 [21166] WARNING:  you don't own a lock of type ExclusiveLock
2026-06-03 16:26:08.306 +03 [21167] WARNING:  you don't own a lock of type ExclusiveLock
2026-06-03 16:29:10.963 +03 [3833] LOG:  checkpoint starting: time
2026-06-03 16:29:55.122 +03 [3833] LOG:  checkpoint complete: wrote 436 buffers (2.7%); 0 WAL file(s) added, 0 removed, 1 recycled; write=44.151 s, sync=0.004 s, total=44.160 s; sync files=146, longest=0.001 s, average=0.001 s; distance=2320 kB, estimate=5311 kB
2026-06-03 16:31:45.341 +03 [23779] WARNING:  you don't own a lock of type ExclusiveLock
2026-06-03 16:34:10.123 +03 [3833] LOG:  checkpoint starting: time
2026-06-03 16:34:47.650 +03 [3833] LOG:  checkpoint complete: wrote 368 buffers (2.2%); 0 WAL file(s) added, 0 removed, 0 recycled; write=37.515 s, sync=0.007 s, total=37.527 s; sync files=108, longest=0.002 s, average=0.001 s; distance=1867 kB, estimate=4966 kB
2026-06-03 16:39:10.650 +03 [3833] LOG:  checkpoint starting: time
2026-06-03 16:40:35.478 +03 [3833] LOG:  checkpoint complete: wrote 841 buffers (5.1%); 0 WAL file(s) added, 0 removed, 0 recycled; write=84.823 s, sync=0.001 s, total=84.829 s; sync files=183, longest=0.001 s, average=0.001 s; distance=4233 kB, estimate=4893 kB
2026-06-03 16:44:10.527 +03 [3833] LOG:  checkpoint starting: time
2026-06-03 16:45:07.319 +03 [3833] LOG:  checkpoint complete: wrote 561 buffers (3.4%); 0 WAL file(s) added, 0 removed, 0 recycled; write=56.787 s, sync=0.002 s, total=56.793 s; sync files=149, longest=0.001 s, average=0.001 s; distance=3374 kB, estimate=4741 kB
2026-06-03 16:46:45.405 +03 [30804] WARNING:  you don't own a lock of type ExclusiveLock
2026-06-03 16:46:45.413 +03 [30804] WARNING:  you don't own a lock of type ExclusiveLock
2026-06-03 16:46:45.492 +03 [30806] WARNING:  you don't own a lock of type ExclusiveLock
2026-06-03 16:49:10.322 +03 [3833] LOG:  checkpoint starting: time
2026-06-03 16:49:11.958 +03 [3833] LOG:  checkpoint complete: wrote 16 buffers (0.1%); 0 WAL file(s) added, 0 removed, 0 recycled; write=1.631 s, sync=0.002 s, total=1.636 s; sync files=2, longest=0.001 s, average=0.001 s; distance=24 kB, estimate=4269 kB
2026-06-03 16:51:21.066 +03 [32576] WARNING:  you don't own a lock of type ExclusiveLock
2026-06-03 16:51:21.200 +03 [32577] WARNING:  you don't own a lock of type ExclusiveLock
2026-06-03 16:51:21.241 +03 [32584] WARNING:  you don't own a lock of type ExclusiveLock
2026-06-03 16:51:21.470 +03 [32587] LOG:  could not receive data from client: Connection reset by peer
2026-06-03 16:51:21.470 +03 [32588] LOG:  could not receive data from client: Connection reset by peer
2026-06-03 16:54:41.352 +03 [3833] LOG:  checkpoint starting: time
2026-06-03 16:56:01.403 +03 [3833] LOG:  checkpoint complete: wrote 794 buffers (4.8%); 0 WAL file(s) added, 0 removed, 0 recycled; write=80.044 s, sync=0.003 s, total=80.052 s; sync files=190, longest=0.001 s, average=0.001 s; distance=4367 kB, estimate=4367 kB
2026-06-03 16:59:41.409 +03 [3833] LOG:  checkpoint starting: time
2026-06-03 17:00:52.054 +03 [3833] LOG:  checkpoint complete: wrote 696 buffers (4.2%); 0 WAL file(s) added, 0 removed, 1 recycled; write=70.635 s, sync=0.005 s, total=70.646 s; sync files=163, longest=0.001 s, average=0.001 s; distance=4142 kB, estimate=4344 kB
2026-06-03 17:02:02.572 +03 [37010] WARNING:  you don't own a lock of type ExclusiveLock
2026-06-03 17:02:02.635 +03 [37013] WARNING:  you don't own a lock of type ExclusiveLock
2026-06-03 17:02:02.676 +03 [37012] WARNING:  you don't own a lock of type ExclusiveLock
2026-06-03 17:03:01.464 +03 [37407] WARNING:  you don't own a lock of type ExclusiveLock
2026-06-03 17:03:01.466 +03 [37406] WARNING:  you don't own a lock of type ExclusiveLock
2026-06-03 17:03:01.594 +03 [37407] WARNING:  you don't own a lock of type ExclusiveLock
2026-06-03 17:03:02.024 +03 [37417] WARNING:  you don't own a lock of type ExclusiveLock
2026-06-03 17:03:02.066 +03 [37416] WARNING:  you don't own a lock of type ExclusiveLock
2026-06-03 17:03:09.554 +03 [37485] WARNING:  you don't own a lock of type ExclusiveLock
2026-06-03 17:03:09.620 +03 [37485] WARNING:  you don't own a lock of type ExclusiveLock
2026-06-03 17:03:09.663 +03 [37483] WARNING:  you don't own a lock of type ExclusiveLock
2026-06-03 17:03:10.001 +03 [37492] WARNING:  you don't own a lock of type ExclusiveLock
2026-06-03 17:03:10.006 +03 [37494] WARNING:  you don't own a lock of type ExclusiveLock
2026-06-03 17:03:10.068 +03 [37493] WARNING:  you don't own a lock of type ExclusiveLock
2026-06-03 17:03:10.509 +03 [37508] WARNING:  you don't own a lock of type ExclusiveLock
2026-06-03 17:03:10.610 +03 [37510] WARNING:  you don't own a lock of type ExclusiveLock
2026-06-03 17:03:10.650 +03 [37509] WARNING:  you don't own a lock of type ExclusiveLock
2026-06-03 17:03:14.831 +03 [37650] LOG:  could not receive data from client: Connection reset by peer
2026-06-03 17:03:15.240 +03 [37714] WARNING:  you don't own a lock of type ExclusiveLock
2026-06-03 17:03:28.330 +03 [37890] WARNING:  you don't own a lock of type ExclusiveLock
2026-06-03 17:03:28.419 +03 [37887] WARNING:  you don't own a lock of type ExclusiveLock
2026-06-03 17:03:28.511 +03 [37891] WARNING:  you don't own a lock of type ExclusiveLock
2026-06-03 17:04:41.060 +03 [3833] LOG:  checkpoint starting: time
2026-06-03 17:05:06.386 +03 [3833] LOG:  checkpoint complete: wrote 250 buffers (1.5%); 0 WAL file(s) added, 0 removed, 0 recycled; write=25.319 s, sync=0.003 s, total=25.326 s; sync files=85, longest=0.001 s, average=0.001 s; distance=1540 kB, estimate=4064 kB
2026-06-03 17:09:41.392 +03 [3833] LOG:  checkpoint starting: time
2026-06-03 17:11:07.808 +03 [3833] LOG:  checkpoint complete: wrote 851 buffers (5.2%); 0 WAL file(s) added, 0 removed, 0 recycled; write=86.411 s, sync=0.003 s, total=86.417 s; sync files=207, longest=0.001 s, average=0.001 s; distance=4640 kB, estimate=4640 kB
2026-06-03 17:19:41.786 +03 [3833] LOG:  checkpoint starting: time
2026-06-03 17:19:42.713 +03 [3833] LOG:  checkpoint complete: wrote 9 buffers (0.1%); 0 WAL file(s) added, 0 removed, 0 recycled; write=0.921 s, sync=0.001 s, total=0.928 s; sync files=1, longest=0.001 s, average=0.001 s; distance=5 kB, estimate=4177 kB
2026-06-03 17:30:24.004 +03 [3832] LOG:  received smart shutdown request
2026-06-03 17:30:24.006 +03 [44012] FATAL:  terminating connection due to administrator command
2026-06-03 17:30:24.007 +03 [38701] FATAL:  terminating connection due to administrator command
2026-06-03 17:30:24.007 +03 [39368] FATAL:  terminating connection due to administrator command
2026-06-03 17:30:24.007 +03 [39366] FATAL:  terminating connection due to administrator command
2026-06-03 17:30:24.008 +03 [39363] FATAL:  terminating connection due to administrator command
2026-06-03 17:30:24.008 +03 [39356] FATAL:  terminating connection due to administrator command
2026-06-03 17:30:24.009 +03 [39355] FATAL:  terminating connection due to administrator command
2026-06-03 17:30:24.010 +03 [38702] FATAL:  terminating connection due to administrator command
2026-06-03 17:30:24.010 +03 [37887] FATAL:  terminating connection due to administrator command
2026-06-03 17:30:24.010 +03 [37889] FATAL:  terminating connection due to administrator command
2026-06-03 17:30:24.010 +03 [39360] FATAL:  terminating connection due to administrator command
2026-06-03 17:30:24.010 +03 [39361] FATAL:  terminating connection due to administrator command
2026-06-03 17:30:24.010 +03 [44013] FATAL:  terminating connection due to administrator command
2026-06-03 17:30:24.013 +03 [39388] FATAL:  terminating connection due to administrator command
2026-06-03 17:30:24.014 +03 [39359] FATAL:  terminating connection due to administrator command
2026-06-03 17:30:24.015 +03 [39358] FATAL:  terminating connection due to administrator command
2026-06-03 17:30:24.015 +03 [39364] FATAL:  terminating connection due to administrator command
2026-06-03 17:30:24.004 +03 [44011] FATAL:  terminating connection due to administrator command
2026-06-03 17:30:24.016 +03 [3832] LOG:  background worker "logical replication launcher" (PID 3838) exited with exit code 1
2026-06-03 17:30:24.017 +03 [37891] FATAL:  terminating connection due to administrator command
2026-06-03 17:30:24.017 +03 [37890] FATAL:  terminating connection due to administrator command
2026-06-03 17:30:24.010 +03 [39357] FATAL:  terminating connection due to administrator command
2026-06-03 17:30:24.080 +03 [3833] LOG:  shutting down
2026-06-03 17:30:24.081 +03 [3833] LOG:  checkpoint starting: shutdown immediate
2026-06-03 17:30:24.085 +03 [3833] LOG:  checkpoint complete: wrote 0 buffers (0.0%); 0 WAL file(s) added, 0 removed, 0 recycled; write=0.002 s, sync=0.001 s, total=0.005 s; sync files=0, longest=0.000 s, average=0.000 s; distance=0 kB, estimate=3759 kB
2026-06-03 17:30:24.102 +03 [3832] LOG:  database system is shut down
2026-06-04 09:19:22.958 +03 [4249] LOG:  starting PostgreSQL 15.10 on x86_64-apple-darwin23.6.0, compiled by Apple clang version 16.0.0 (clang-1600.0.26.4), 64-bit
2026-06-04 09:19:22.959 +03 [4249] LOG:  listening on IPv4 address "127.0.0.1", port 5432
2026-06-04 09:19:22.959 +03 [4249] LOG:  listening on IPv6 address "::1", port 5432
2026-06-04 09:19:22.960 +03 [4249] LOG:  listening on Unix socket "/tmp/.s.PGSQL.5432"
2026-06-04 09:19:22.962 +03 [4252] LOG:  database system was shut down at 2026-06-03 17:30:24 +03
2026-06-04 09:19:22.965 +03 [4249] LOG:  database system is ready to accept connections
2026-06-04 09:19:42.478 +03 [4420] WARNING:  you don't own a lock of type ExclusiveLock
2026-06-04 09:19:42.549 +03 [4420] WARNING:  you don't own a lock of type ExclusiveLock
2026-06-04 09:19:42.633 +03 [4418] WARNING:  you don't own a lock of type ExclusiveLock
2026-06-04 09:24:22.954 +03 [4250] LOG:  checkpoint starting: time
2026-06-04 09:24:35.338 +03 [4250] LOG:  checkpoint complete: wrote 123 buffers (0.8%); 0 WAL file(s) added, 0 removed, 0 recycled; write=12.375 s, sync=0.004 s, total=12.385 s; sync files=23, longest=0.001 s, average=0.001 s; distance=606 kB, estimate=606 kB
2026-06-04 09:30:01.060 +03 [8458] WARNING:  you don't own a lock of type ExclusiveLock
2026-06-04 09:30:01.214 +03 [8462] LOG:  could not receive data from client: Connection reset by peer
2026-06-04 09:30:01.235 +03 [8455] WARNING:  you don't own a lock of type ExclusiveLock
2026-06-04 09:30:01.747 +03 [8479] LOG:  could not receive data from client: Connection reset by peer
2026-06-04 09:30:02.162 +03 [8485] WARNING:  you don't own a lock of type ExclusiveLock
2026-06-04 09:30:02.642 +03 [8499] WARNING:  you don't own a lock of type ExclusiveLock
2026-06-04 09:30:02.726 +03 [8499] WARNING:  you don't own a lock of type ExclusiveLock
2026-06-04 09:30:30.777 +03 [8690] WARNING:  you don't own a lock of type ExclusiveLock
2026-06-04 09:30:30.832 +03 [8688] WARNING:  you don't own a lock of type ExclusiveLock
2026-06-04 09:30:30.883 +03 [8687] WARNING:  you don't own a lock of type ExclusiveLock
2026-06-04 09:30:31.114 +03 [8698] LOG:  could not receive data from client: Connection reset by peer
2026-06-04 09:30:31.114 +03 [8700] LOG:  could not receive data from client: Connection reset by peer
2026-06-04 09:30:33.407 +03 [8719] WARNING:  you don't own a lock of type ExclusiveLock
2026-06-04 09:30:33.467 +03 [8719] WARNING:  you don't own a lock of type ExclusiveLock
2026-06-04 09:30:33.522 +03 [8721] WARNING:  you don't own a lock of type ExclusiveLock
2026-06-04 09:30:34.104 +03 [8730] WARNING:  you don't own a lock of type ExclusiveLock
2026-06-04 09:30:34.493 +03 [8748] WARNING:  you don't own a lock of type ExclusiveLock
2026-06-04 09:30:34.571 +03 [8747] WARNING:  you don't own a lock of type ExclusiveLock
2026-06-04 09:30:34.624 +03 [8745] WARNING:  you don't own a lock of type ExclusiveLock
2026-06-04 09:30:35.410 +03 [8765] WARNING:  you don't own a lock of type ExclusiveLock
2026-06-04 09:30:35.471 +03 [8766] WARNING:  you don't own a lock of type ExclusiveLock
2026-06-04 09:30:36.989 +03 [8786] WARNING:  you don't own a lock of type ExclusiveLock
2026-06-04 09:30:37.050 +03 [8786] WARNING:  you don't own a lock of type ExclusiveLock
2026-06-04 09:30:37.098 +03 [8784] WARNING:  you don't own a lock of type ExclusiveLock
2026-06-04 09:30:37.755 +03 [8796] WARNING:  you don't own a lock of type ExclusiveLock
2026-06-04 09:30:37.837 +03 [8798] WARNING:  you don't own a lock of type ExclusiveLock
2026-06-04 09:30:37.917 +03 [8799] WARNING:  you don't own a lock of type ExclusiveLock
2026-06-04 09:30:38.495 +03 [8814] WARNING:  you don't own a lock of type ExclusiveLock
2026-06-04 09:30:38.577 +03 [8814] WARNING:  you don't own a lock of type ExclusiveLock
2026-06-04 09:30:38.649 +03 [8815] WARNING:  you don't own a lock of type ExclusiveLock
2026-06-04 09:30:39.262 +03 [8836] LOG:  could not receive data from client: Connection reset by peer
2026-06-04 09:30:39.262 +03 [8837] LOG:  could not receive data from client: Connection reset by peer
2026-06-04 09:30:39.312 +03 [8831] WARNING:  you don't own a lock of type ExclusiveLock
2026-06-04 09:30:39.364 +03 [8835] WARNING:  you don't own a lock of type ExclusiveLock
2026-06-04 09:30:40.007 +03 [8849] WARNING:  you don't own a lock of type ExclusiveLock
2026-06-04 09:30:40.099 +03 [8851] WARNING:  you don't own a lock of type ExclusiveLock
2026-06-04 09:30:42.398 +03 [8877] WARNING:  you don't own a lock of type ExclusiveLock
2026-06-04 09:30:42.475 +03 [8876] WARNING:  you don't own a lock of type ExclusiveLock
2026-06-04 09:30:42.561 +03 [8875] WARNING:  you don't own a lock of type ExclusiveLock
2026-06-04 09:30:43.571 +03 [8902] LOG:  could not receive data from client: Connection reset by peer
2026-06-04 09:30:43.826 +03 [8914] WARNING:  you don't own a lock of type ExclusiveLock
2026-06-04 09:30:43.907 +03 [8912] WARNING:  you don't own a lock of type ExclusiveLock
2026-06-04 09:30:43.973 +03 [8911] WARNING:  you don't own a lock of type ExclusiveLock
2026-06-04 09:30:44.476 +03 [8924] WARNING:  you don't own a lock of type ExclusiveLock
2026-06-04 09:30:44.614 +03 [8923] WARNING:  you don't own a lock of type ExclusiveLock
2026-06-04 09:30:45.138 +03 [8943] WARNING:  you don't own a lock of type ExclusiveLock
2026-06-04 09:30:45.141 +03 [8940] WARNING:  you don't own a lock of type ExclusiveLock
2026-06-04 09:30:45.206 +03 [8942] WARNING:  you don't own a lock of type ExclusiveLock
2026-06-04 09:30:45.254 +03 [8943] WARNING:  you don't own a lock of type ExclusiveLock
2026-06-04 09:30:45.909 +03 [8956] WARNING:  you don't own a lock of type ExclusiveLock
2026-06-04 09:30:46.591 +03 [8974] WARNING:  you don't own a lock of type ExclusiveLock
2026-06-04 09:30:46.668 +03 [8973] WARNING:  you don't own a lock of type ExclusiveLock
2026-06-04 09:30:48.012 +03 [8994] WARNING:  you don't own a lock of type ExclusiveLock
2026-06-04 09:31:17.939 +03 [9199] WARNING:  you don't own a lock of type ExclusiveLock
2026-06-04 09:31:19.952 +03 [9236] WARNING:  you don't own a lock of type ExclusiveLock
2026-06-04 09:31:20.265 +03 [9251] WARNING:  you don't own a lock of type ExclusiveLock
2026-06-04 09:31:20.422 +03 [9249] WARNING:  you don't own a lock of type ExclusiveLock
2026-06-04 09:31:57.298 +03 [9511] WARNING:  you don't own a lock of type ExclusiveLock
2026-06-04 09:31:57.824 +03 [9520] LOG:  could not receive data from client: Connection reset by peer
2026-06-04 09:31:57.824 +03 [9519] LOG:  could not receive data from client: Connection reset by peer
2026-06-04 09:32:16.677 +03 [9681] WARNING:  you don't own a lock of type ExclusiveLock
2026-06-04 09:34:22.335 +03 [4250] LOG:  checkpoint starting: time
2026-06-04 09:35:34.773 +03 [4250] LOG:  checkpoint complete: wrote 715 buffers (4.4%); 0 WAL file(s) added, 0 removed, 0 recycled; write=72.428 s, sync=0.006 s, total=72.438 s; sync files=166, longest=0.001 s, average=0.001 s; distance=4475 kB, estimate=4475 kB
2026-06-04 09:45:40.852 +03 [14944] LOG:  could not receive data from client: Connection reset by peer
2026-06-04 09:45:57.075 +03 [15177] ERROR:  workspaces.state can only be changed via applyTransition()
2026-06-04 09:45:57.075 +03 [15177] CONTEXT:  PL/pgSQL function block_direct_state_change() line 4 at RAISE
2026-06-04 09:45:57.075 +03 [15177] STATEMENT:  UPDATE workspaces SET state = $1 WHERE id = $2::uuid
2026-06-04 09:45:57.275 +03 [15179] WARNING:  you don't own a lock of type ExclusiveLock
2026-06-04 09:46:08.392 +03 [15365] ERROR:  workspaces.state can only be changed via applyTransition()
2026-06-04 09:46:08.392 +03 [15365] CONTEXT:  PL/pgSQL function block_direct_state_change() line 4 at RAISE
2026-06-04 09:46:08.392 +03 [15365] STATEMENT:  UPDATE workspaces SET state = $1 WHERE id = $2::uuid
2026-06-04 09:49:22.741 +03 [4250] LOG:  checkpoint starting: time
2026-06-04 09:50:48.633 +03 [4250] LOG:  checkpoint complete: wrote 852 buffers (5.2%); 0 WAL file(s) added, 0 removed, 1 recycled; write=85.884 s, sync=0.006 s, total=85.892 s; sync files=190, longest=0.001 s, average=0.001 s; distance=5012 kB, estimate=5012 kB
2026-06-04 09:54:22.631 +03 [4250] LOG:  checkpoint starting: time
2026-06-04 09:54:31.636 +03 [4250] LOG:  checkpoint complete: wrote 90 buffers (0.5%); 0 WAL file(s) added, 0 removed, 0 recycled; write=8.999 s, sync=0.004 s, total=9.005 s; sync files=34, longest=0.001 s, average=0.001 s; distance=1564 kB, estimate=4667 kB
2026-06-04 09:56:41.099 +03 [19701] LOG:  unexpected EOF on client connection with an open transaction
2026-06-04 09:56:41.099 +03 [19702] LOG:  unexpected EOF on client connection with an open transaction
2026-06-04 09:56:41.099 +03 [19700] LOG:  unexpected EOF on client connection with an open transaction
2026-06-04 09:56:41.099 +03 [19699] LOG:  unexpected EOF on client connection with an open transaction
2026-06-04 09:56:45.413 +03 [19743] LOG:  unexpected EOF on client connection with an open transaction
2026-06-04 09:56:45.413 +03 [19742] LOG:  unexpected EOF on client connection with an open transaction
2026-06-04 09:56:45.925 +03 [19762] LOG:  unexpected EOF on client connection with an open transaction
2026-06-04 09:56:45.925 +03 [19764] LOG:  unexpected EOF on client connection with an open transaction
2026-06-04 09:56:45.925 +03 [19763] LOG:  unexpected EOF on client connection with an open transaction
2026-06-04 09:56:45.925 +03 [19757] LOG:  unexpected EOF on client connection with an open transaction
2026-06-04 09:56:46.458 +03 [19786] LOG:  could not receive data from client: Connection reset by peer
2026-06-04 09:56:46.458 +03 [19787] LOG:  could not receive data from client: Connection reset by peer
2026-06-04 09:56:46.458 +03 [19785] LOG:  unexpected EOF on client connection with an open transaction
2026-06-04 09:56:52.886 +03 [19850] LOG:  unexpected EOF on client connection with an open transaction
2026-06-04 09:56:52.886 +03 [19849] LOG:  unexpected EOF on client connection with an open transaction
2026-06-04 09:56:52.887 +03 [19847] LOG:  unexpected EOF on client connection with an open transaction
2026-06-04 09:56:52.887 +03 [19848] LOG:  unexpected EOF on client connection with an open transaction
2026-06-04 09:56:54.994 +03 [19871] LOG:  unexpected EOF on client connection with an open transaction
2026-06-04 09:56:54.994 +03 [19872] LOG:  unexpected EOF on client connection with an open transaction
2026-06-04 09:56:55.400 +03 [19892] LOG:  unexpected EOF on client connection with an open transaction
2026-06-04 09:56:55.400 +03 [19891] LOG:  unexpected EOF on client connection with an open transaction
2026-06-04 09:56:55.400 +03 [19890] LOG:  unexpected EOF on client connection with an open transaction
2026-06-04 09:56:55.400 +03 [19888] LOG:  unexpected EOF on client connection with an open transaction
2026-06-04 09:57:01.563 +03 [19961] LOG:  unexpected EOF on client connection with an open transaction
2026-06-04 09:57:01.563 +03 [19963] LOG:  unexpected EOF on client connection with an open transaction
2026-06-04 09:57:01.563 +03 [19962] LOG:  unexpected EOF on client connection with an open transaction
2026-06-04 09:57:01.563 +03 [19960] LOG:  unexpected EOF on client connection with an open transaction
2026-06-04 09:57:03.929 +03 [19989] LOG:  unexpected EOF on client connection with an open transaction
2026-06-04 09:57:03.929 +03 [19988] LOG:  unexpected EOF on client connection with an open transaction
2026-06-04 09:57:03.929 +03 [19987] LOG:  unexpected EOF on client connection with an open transaction
2026-06-04 09:57:04.042 +03 [19990] LOG:  unexpected EOF on client connection with an open transaction
2026-06-04 09:57:04.042 +03 [19991] LOG:  unexpected EOF on client connection with an open transaction
2026-06-04 09:57:04.042 +03 [19992] LOG:  unexpected EOF on client connection with an open transaction
2026-06-04 09:57:04.042 +03 [19986] LOG:  unexpected EOF on client connection with an open transaction
2026-06-04 09:57:04.466 +03 [20011] LOG:  unexpected EOF on client connection with an open transaction
2026-06-04 09:57:04.467 +03 [20012] LOG:  unexpected EOF on client connection with an open transaction
2026-06-04 09:57:04.467 +03 [20013] LOG:  unexpected EOF on client connection with an open transaction
2026-06-04 09:57:04.467 +03 [20010] LOG:  unexpected EOF on client connection with an open transaction
2026-06-04 09:57:13.156 +03 [20090] LOG:  unexpected EOF on client connection with an open transaction
2026-06-04 09:57:13.156 +03 [20088] LOG:  unexpected EOF on client connection with an open transaction
2026-06-04 09:57:13.156 +03 [20089] LOG:  unexpected EOF on client connection with an open transaction
2026-06-04 09:57:13.157 +03 [20087] LOG:  unexpected EOF on client connection with an open transaction
2026-06-04 09:57:13.913 +03 [20125] ERROR:  workspaces.state can only be changed via applyTransition()
2026-06-04 09:57:13.913 +03 [20125] CONTEXT:  PL/pgSQL function block_direct_state_change() line 4 at RAISE
2026-06-04 09:57:13.913 +03 [20125] STATEMENT:  UPDATE workspaces SET state = $1 WHERE id = $2::uuid
2026-06-04 09:59:22.631 +03 [4250] LOG:  checkpoint starting: time
2026-06-04 10:01:13.197 +03 [4250] LOG:  checkpoint complete: wrote 1097 buffers (6.7%); 0 WAL file(s) added, 0 removed, 0 recycled; write=110.561 s, sync=0.004 s, total=110.566 s; sync files=199, longest=0.001 s, average=0.001 s; distance=5800 kB, estimate=5800 kB
2026-06-04 10:07:57.498 +03 [24802] LOG:  could not receive data from client: Connection reset by peer
2026-06-04 10:07:59.112 +03 [24876] ERROR:  workspaces.state can only be changed via applyTransition()
2026-06-04 10:07:59.112 +03 [24876] CONTEXT:  PL/pgSQL function block_direct_state_change() line 4 at RAISE
2026-06-04 10:07:59.112 +03 [24876] STATEMENT:  UPDATE workspaces SET state = $1 WHERE id = $2::uuid
2026-06-04 10:07:59.193 +03 [24886] LOG:  unexpected EOF on client connection with an open transaction
2026-06-04 10:07:59.193 +03 [24885] LOG:  unexpected EOF on client connection with an open transaction
2026-06-04 10:07:59.193 +03 [24884] LOG:  unexpected EOF on client connection with an open transaction
2026-06-04 10:07:59.193 +03 [24874] LOG:  unexpected EOF on client connection with an open transaction
2026-06-04 10:07:59.193 +03 [24883] LOG:  unexpected EOF on client connection with an open transaction
2026-06-04 10:07:59.193 +03 [24882] LOG:  unexpected EOF on client connection with an open transaction
2026-06-04 10:07:59.193 +03 [24881] LOG:  unexpected EOF on client connection with an open transaction
2026-06-04 10:07:59.193 +03 [24873] LOG:  unexpected EOF on client connection with an open transaction
2026-06-04 10:08:17.146 +03 [25064] ERROR:  workspaces.state can only be changed via applyTransition()
2026-06-04 10:08:17.146 +03 [25064] CONTEXT:  PL/pgSQL function block_direct_state_change() line 4 at RAISE
2026-06-04 10:08:17.146 +03 [25064] STATEMENT:  UPDATE workspaces SET state = $1 WHERE id = $2::uuid
2026-06-04 10:09:22.193 +03 [4250] LOG:  checkpoint starting: time
2026-06-04 10:11:03.881 +03 [4250] LOG:  checkpoint complete: wrote 1004 buffers (6.1%); 0 WAL file(s) added, 0 removed, 1 recycled; write=101.680 s, sync=0.008 s, total=101.689 s; sync files=199, longest=0.001 s, average=0.001 s; distance=6600 kB, estimate=6600 kB
2026-06-04 10:14:22.881 +03 [4250] LOG:  checkpoint starting: time
2026-06-04 10:14:57.006 +03 [4250] LOG:  checkpoint complete: wrote 339 buffers (2.1%); 0 WAL file(s) added, 0 removed, 0 recycled; write=34.120 s, sync=0.003 s, total=34.126 s; sync files=51, longest=0.001 s, average=0.001 s; distance=3265 kB, estimate=6266 kB
2026-06-04 10:16:13.773 +03 [28271] LOG:  unexpected EOF on client connection with an open transaction
2026-06-04 10:16:13.773 +03 [28269] LOG:  unexpected EOF on client connection with an open transaction
2026-06-04 10:16:13.773 +03 [28272] LOG:  unexpected EOF on client connection with an open transaction
2026-06-04 10:16:14.461 +03 [28290] LOG:  unexpected EOF on client connection with an open transaction
2026-06-04 10:16:14.540 +03 [28294] LOG:  unexpected EOF on client connection with an open transaction
2026-06-04 10:16:14.540 +03 [28288] LOG:  unexpected EOF on client connection with an open transaction
2026-06-04 10:16:14.540 +03 [28293] LOG:  unexpected EOF on client connection with an open transaction
2026-06-04 10:16:14.540 +03 [28292] LOG:  unexpected EOF on client connection with an open transaction
2026-06-04 10:16:14.547 +03 [28302] LOG:  unexpected EOF on client connection with an open transaction
2026-06-04 10:16:14.547 +03 [28301] LOG:  unexpected EOF on client connection with an open transaction
2026-06-04 10:16:14.547 +03 [28300] LOG:  unexpected EOF on client connection with an open transaction
2026-06-04 10:16:14.547 +03 [28295] LOG:  unexpected EOF on client connection with an open transaction
2026-06-04 10:16:15.169 +03 [28340] LOG:  unexpected EOF on client connection with an open transaction
2026-06-04 10:16:15.169 +03 [28338] LOG:  unexpected EOF on client connection with an open transaction
2026-06-04 10:16:15.169 +03 [28339] LOG:  unexpected EOF on client connection with an open transaction
2026-06-04 10:16:15.169 +03 [28334] LOG:  unexpected EOF on client connection with an open transaction
2026-06-04 10:16:15.185 +03 [28344] LOG:  unexpected EOF on client connection with an open transaction
2026-06-04 10:16:15.185 +03 [28343] LOG:  unexpected EOF on client connection with an open transaction
2026-06-04 10:16:15.185 +03 [28341] LOG:  unexpected EOF on client connection with an open transaction
2026-06-04 10:16:15.185 +03 [28342] LOG:  unexpected EOF on client connection with an open transaction
2026-06-04 10:16:15.219 +03 [28330] LOG:  unexpected EOF on client connection with an open transaction
2026-06-04 10:16:18.256 +03 [28393] LOG:  could not receive data from client: Connection reset by peer
2026-06-04 10:16:18.256 +03 [28394] LOG:  could not receive data from client: Connection reset by peer
2026-06-04 10:16:18.256 +03 [28393] LOG:  unexpected EOF on client connection with an open transaction
2026-06-04 10:16:18.256 +03 [28392] LOG:  unexpected EOF on client connection with an open transaction
2026-06-04 10:16:18.278 +03 [28381] LOG:  unexpected EOF on client connection with an open transaction
2026-06-04 10:16:18.303 +03 [28390] LOG:  unexpected EOF on client connection with an open transaction
2026-06-04 10:16:18.303 +03 [28389] LOG:  unexpected EOF on client connection with an open transaction
2026-06-04 10:16:18.303 +03 [28388] LOG:  unexpected EOF on client connection with an open transaction
2026-06-04 10:16:18.303 +03 [28384] LOG:  unexpected EOF on client connection with an open transaction
2026-06-04 10:16:18.854 +03 [28412] LOG:  unexpected EOF on client connection with an open transaction
2026-06-04 10:16:18.857 +03 [28418] LOG:  unexpected EOF on client connection with an open transaction
2026-06-04 10:16:18.857 +03 [28416] LOG:  unexpected EOF on client connection with an open transaction
2026-06-04 10:16:18.857 +03 [28417] LOG:  unexpected EOF on client connection with an open transaction
2026-06-04 10:16:18.857 +03 [28409] LOG:  unexpected EOF on client connection with an open transaction
2026-06-04 10:16:18.863 +03 [28414] LOG:  unexpected EOF on client connection with an open transaction
2026-06-04 10:16:18.863 +03 [28415] LOG:  unexpected EOF on client connection with an open transaction
2026-06-04 10:16:18.863 +03 [28413] LOG:  unexpected EOF on client connection with an open transaction
2026-06-04 10:16:18.863 +03 [28408] LOG:  unexpected EOF on client connection with an open transaction
2026-06-04 10:16:20.313 +03 [28453] LOG:  could not receive data from client: Connection reset by peer
2026-06-04 10:16:20.313 +03 [28444] LOG:  unexpected EOF on client connection with an open transaction
2026-06-04 10:16:20.313 +03 [28451] LOG:  could not receive data from client: Connection reset by peer
2026-06-04 10:16:20.313 +03 [28451] LOG:  unexpected EOF on client connection with an open transaction
2026-06-04 10:16:20.319 +03 [28445] LOG:  unexpected EOF on client connection with an open transaction
2026-06-04 10:16:20.319 +03 [28447] LOG:  unexpected EOF on client connection with an open transaction
2026-06-04 10:16:20.319 +03 [28446] LOG:  unexpected EOF on client connection with an open transaction
2026-06-04 10:16:20.320 +03 [28440] LOG:  unexpected EOF on client connection with an open transaction
2026-06-04 10:16:20.372 +03 [28443] LOG:  unexpected EOF on client connection with an open transaction
2026-06-04 10:16:20.896 +03 [28475] LOG:  could not receive data from client: Connection reset by peer
2026-06-04 10:16:20.896 +03 [28467] LOG:  unexpected EOF on client connection with an open transaction
2026-06-04 10:16:20.896 +03 [28474] LOG:  could not receive data from client: Connection reset by peer
2026-06-04 10:16:20.896 +03 [28474] LOG:  unexpected EOF on client connection with an open transaction
2026-06-04 10:16:20.901 +03 [28473] LOG:  unexpected EOF on client connection with an open transaction
2026-06-04 10:16:20.901 +03 [28471] LOG:  unexpected EOF on client connection with an open transaction
2026-06-04 10:16:20.901 +03 [28472] LOG:  unexpected EOF on client connection with an open transaction
2026-06-04 10:16:20.901 +03 [28465] LOG:  unexpected EOF on client connection with an open transaction
2026-06-04 10:16:20.938 +03 [28464] LOG:  unexpected EOF on client connection with an open transaction
2026-06-04 10:16:21.309 +03 [28502] LOG:  unexpected EOF on client connection with an open transaction
2026-06-04 10:16:21.309 +03 [28500] LOG:  unexpected EOF on client connection with an open transaction
2026-06-04 10:16:21.309 +03 [28501] LOG:  unexpected EOF on client connection with an open transaction
2026-06-04 10:16:21.309 +03 [28503] LOG:  unexpected EOF on client connection with an open transaction
2026-06-04 10:16:21.355 +03 [28491] LOG:  unexpected EOF on client connection with an open transaction
2026-06-04 10:16:21.429 +03 [28493] LOG:  unexpected EOF on client connection with an open transaction
2026-06-04 10:16:21.429 +03 [28489] LOG:  unexpected EOF on client connection with an open transaction
2026-06-04 10:16:21.429 +03 [28494] LOG:  unexpected EOF on client connection with an open transaction
2026-06-04 10:16:21.429 +03 [28495] LOG:  unexpected EOF on client connection with an open transaction
2026-06-04 10:16:22.022 +03 [28522] LOG:  unexpected EOF on client connection with an open transaction
2026-06-04 10:16:22.022 +03 [28516] LOG:  unexpected EOF on client connection with an open transaction
2026-06-04 10:16:22.022 +03 [28521] LOG:  unexpected EOF on client connection with an open transaction
2026-06-04 10:16:22.022 +03 [28523] LOG:  unexpected EOF on client connection with an open transaction
2026-06-04 10:16:22.039 +03 [28527] LOG:  unexpected EOF on client connection with an open transaction
2026-06-04 10:16:22.039 +03 [28529] LOG:  unexpected EOF on client connection with an open transaction
2026-06-04 10:16:22.039 +03 [28520] LOG:  unexpected EOF on client connection with an open transaction
2026-06-04 10:16:22.039 +03 [28528] LOG:  unexpected EOF on client connection with an open transaction
2026-06-04 10:16:22.077 +03 [28519] LOG:  unexpected EOF on client connection with an open transaction
2026-06-04 10:16:22.879 +03 [28553] LOG:  unexpected EOF on client connection with an open transaction
2026-06-04 10:16:22.879 +03 [28554] LOG:  unexpected EOF on client connection with an open transaction
2026-06-04 10:16:22.879 +03 [28552] LOG:  unexpected EOF on client connection with an open transaction
2026-06-04 10:16:22.879 +03 [28544] LOG:  unexpected EOF on client connection with an open transaction
2026-06-04 10:16:23.002 +03 [28547] LOG:  unexpected EOF on client connection with an open transaction
2026-06-04 10:16:23.009 +03 [28550] LOG:  unexpected EOF on client connection with an open transaction
2026-06-04 10:16:23.009 +03 [28548] LOG:  unexpected EOF on client connection with an open transaction
2026-06-04 10:16:23.009 +03 [28549] LOG:  unexpected EOF on client connection with an open transaction
2026-06-04 10:16:23.009 +03 [28543] LOG:  unexpected EOF on client connection with an open transaction
2026-06-04 10:16:28.504 +03 [28602] LOG:  unexpected EOF on client connection with an open transaction
2026-06-04 10:16:28.504 +03 [28611] LOG:  unexpected EOF on client connection with an open transaction
2026-06-04 10:16:28.504 +03 [28616] LOG:  could not receive data from client: Connection reset by peer
2026-06-04 10:16:28.505 +03 [28614] LOG:  could not receive data from client: Connection reset by peer
2026-06-04 10:16:28.505 +03 [28606] LOG:  unexpected EOF on client connection with an open transaction
2026-06-04 10:16:28.554 +03 [28605] LOG:  unexpected EOF on client connection with an open transaction
2026-06-04 10:16:30.513 +03 [28644] LOG:  could not receive data from client: Connection reset by peer
2026-06-04 10:16:30.513 +03 [28635] LOG:  unexpected EOF on client connection with an open transaction
2026-06-04 10:16:30.513 +03 [28643] LOG:  could not receive data from client: Connection reset by peer
2026-06-04 10:16:30.513 +03 [28643] LOG:  unexpected EOF on client connection with an open transaction
2026-06-04 10:16:30.564 +03 [28638] LOG:  unexpected EOF on client connection with an open transaction
2026-06-04 10:16:30.642 +03 [28648] LOG:  unexpected EOF on client connection with an open transaction
2026-06-04 10:16:30.642 +03 [28647] LOG:  unexpected EOF on client connection with an open transaction
2026-06-04 10:16:30.642 +03 [28634] LOG:  unexpected EOF on client connection with an open transaction
2026-06-04 10:16:30.642 +03 [28646] LOG:  unexpected EOF on client connection with an open transaction
2026-06-04 10:16:32.665 +03 [28675] LOG:  unexpected EOF on client connection with an open transaction
2026-06-04 10:16:32.736 +03 [28678] LOG:  unexpected EOF on client connection with an open transaction
2026-06-04 10:16:32.736 +03 [28676] LOG:  unexpected EOF on client connection with an open transaction
2026-06-04 10:16:32.736 +03 [28677] LOG:  unexpected EOF on client connection with an open transaction
2026-06-04 10:16:32.736 +03 [28671] LOG:  unexpected EOF on client connection with an open transaction
2026-06-04 10:16:32.747 +03 [28681] LOG:  unexpected EOF on client connection with an open transaction
2026-06-04 10:16:32.747 +03 [28672] LOG:  unexpected EOF on client connection with an open transaction
2026-06-04 10:16:32.747 +03 [28682] LOG:  unexpected EOF on client connection with an open transaction
2026-06-04 10:16:32.747 +03 [28680] LOG:  unexpected EOF on client connection with an open transaction
2026-06-04 10:16:33.090 +03 [28709] LOG:  could not receive data from client: Connection reset by peer
2026-06-04 10:16:33.090 +03 [28705] LOG:  unexpected EOF on client connection with an open transaction
2026-06-04 10:16:33.090 +03 [28707] LOG:  unexpected EOF on client connection with an open transaction
2026-06-04 10:16:33.090 +03 [28708] LOG:  could not receive data from client: Connection reset by peer
2026-06-04 10:16:33.090 +03 [28708] LOG:  unexpected EOF on client connection with an open transaction
2026-06-04 10:16:33.129 +03 [28694] LOG:  unexpected EOF on client connection with an open transaction
2026-06-04 10:16:33.224 +03 [28711] LOG:  unexpected EOF on client connection with an open transaction
2026-06-04 10:16:33.224 +03 [28712] LOG:  unexpected EOF on client connection with an open transaction
2026-06-04 10:16:33.224 +03 [28706] LOG:  unexpected EOF on client connection with an open transaction
2026-06-04 10:16:33.224 +03 [28710] LOG:  unexpected EOF on client connection with an open transaction
2026-06-04 10:16:34.302 +03 [28739] LOG:  could not receive data from client: Connection reset by peer
2026-06-04 10:16:34.302 +03 [28730] LOG:  unexpected EOF on client connection with an open transaction
2026-06-04 10:16:34.302 +03 [28737] LOG:  could not receive data from client: Connection reset by peer
2026-06-04 10:16:34.309 +03 [28731] LOG:  unexpected EOF on client connection with an open transaction
2026-06-04 10:16:34.309 +03 [28733] LOG:  unexpected EOF on client connection with an open transaction
2026-06-04 10:16:34.309 +03 [28732] LOG:  unexpected EOF on client connection with an open transaction
2026-06-04 10:16:34.309 +03 [28726] LOG:  unexpected EOF on client connection with an open transaction
2026-06-04 10:16:34.433 +03 [28729] LOG:  unexpected EOF on client connection with an open transaction
2026-06-04 10:16:40.324 +03 [28787] LOG:  unexpected EOF on client connection with an open transaction
2026-06-04 10:16:40.384 +03 [28790] LOG:  unexpected EOF on client connection with an open transaction
2026-06-04 10:16:40.384 +03 [28788] LOG:  unexpected EOF on client connection with an open transaction
2026-06-04 10:16:40.384 +03 [28789] LOG:  unexpected EOF on client connection with an open transaction
2026-06-04 10:16:40.384 +03 [28782] LOG:  unexpected EOF on client connection with an open transaction
2026-06-04 10:16:40.387 +03 [28791] LOG:  unexpected EOF on client connection with an open transaction
2026-06-04 10:16:40.387 +03 [28792] LOG:  unexpected EOF on client connection with an open transaction
2026-06-04 10:16:40.387 +03 [28793] LOG:  unexpected EOF on client connection with an open transaction
2026-06-04 10:16:40.387 +03 [28784] LOG:  unexpected EOF on client connection with an open transaction
2026-06-04 10:16:43.104 +03 [28845] LOG:  unexpected EOF on client connection with an open transaction
2026-06-04 10:16:43.104 +03 [28843] LOG:  unexpected EOF on client connection with an open transaction
2026-06-04 10:16:43.104 +03 [28834] LOG:  unexpected EOF on client connection with an open transaction
2026-06-04 10:16:43.162 +03 [28837] LOG:  unexpected EOF on client connection with an open transaction
2026-06-04 10:16:43.235 +03 [28839] LOG:  unexpected EOF on client connection with an open transaction
2026-06-04 10:16:43.235 +03 [28840] LOG:  unexpected EOF on client connection with an open transaction
2026-06-04 10:16:43.235 +03 [28838] LOG:  unexpected EOF on client connection with an open transaction
2026-06-04 10:16:43.235 +03 [28833] LOG:  unexpected EOF on client connection with an open transaction
2026-06-04 10:16:48.047 +03 [28896] LOG:  could not receive data from client: Connection reset by peer
2026-06-04 10:16:48.047 +03 [28887] LOG:  unexpected EOF on client connection with an open transaction
2026-06-04 10:16:48.047 +03 [28897] LOG:  could not receive data from client: Connection reset by peer
2026-06-04 10:16:48.047 +03 [28893] LOG:  unexpected EOF on client connection with an open transaction
2026-06-04 10:16:48.047 +03 [28894] LOG:  unexpected EOF on client connection with an open transaction
2026-06-04 10:16:48.047 +03 [28892] LOG:  unexpected EOF on client connection with an open transaction
2026-06-04 10:16:48.047 +03 [28886] LOG:  unexpected EOF on client connection with an open transaction
2026-06-04 10:16:48.101 +03 [28889] LOG:  unexpected EOF on client connection with an open transaction
2026-06-04 10:17:13.540 +03 [29077] LOG:  unexpected EOF on client connection with an open transaction
2026-06-04 10:17:13.540 +03 [29073] LOG:  unexpected EOF on client connection with an open transaction
2026-06-04 10:17:13.540 +03 [29072] LOG:  unexpected EOF on client connection with an open transaction
2026-06-04 10:17:13.540 +03 [29066] LOG:  unexpected EOF on client connection with an open transaction
2026-06-04 10:17:13.541 +03 [29076] LOG:  unexpected EOF on client connection with an open transaction
2026-06-04 10:17:13.541 +03 [29069] LOG:  unexpected EOF on client connection with an open transaction
2026-06-04 10:17:13.541 +03 [29071] LOG:  unexpected EOF on client connection with an open transaction
2026-06-04 10:17:13.541 +03 [29068] LOG:  unexpected EOF on client connection with an open transaction
2026-06-04 10:17:13.598 +03 [29070] LOG:  unexpected EOF on client connection with an open transaction
2026-06-04 10:17:18.988 +03 [29145] LOG:  unexpected EOF on client connection with an open transaction
2026-06-04 10:17:18.988 +03 [29144] LOG:  unexpected EOF on client connection with an open transaction
2026-06-04 10:17:18.988 +03 [29143] LOG:  unexpected EOF on client connection with an open transaction
2026-06-04 10:17:18.988 +03 [29140] LOG:  unexpected EOF on client connection with an open transaction
2026-06-04 10:17:19.049 +03 [29148] LOG:  unexpected EOF on client connection with an open transaction
2026-06-04 10:17:19.115 +03 [29151] LOG:  unexpected EOF on client connection with an open transaction
2026-06-04 10:17:19.115 +03 [29150] LOG:  unexpected EOF on client connection with an open transaction
2026-06-04 10:17:19.115 +03 [29142] LOG:  unexpected EOF on client connection with an open transaction
2026-06-04 10:17:19.115 +03 [29149] LOG:  unexpected EOF on client connection with an open transaction
2026-06-04 10:18:40.120 +03 [29730] LOG:  unexpected EOF on client connection with an open transaction
2026-06-04 10:18:40.120 +03 [29739] LOG:  unexpected EOF on client connection with an open transaction
2026-06-04 10:18:40.120 +03 [29738] LOG:  unexpected EOF on client connection with an open transaction
2026-06-04 10:18:40.120 +03 [29740] LOG:  unexpected EOF on client connection with an open transaction
2026-06-04 10:18:40.126 +03 [29732] LOG:  unexpected EOF on client connection with an open transaction
2026-06-04 10:18:40.126 +03 [29737] LOG:  unexpected EOF on client connection with an open transaction
2026-06-04 10:18:40.126 +03 [29734] LOG:  unexpected EOF on client connection with an open transaction
2026-06-04 10:18:40.126 +03 [29729] LOG:  unexpected EOF on client connection with an open transaction
2026-06-04 10:19:22.003 +03 [4250] LOG:  checkpoint starting: time
2026-06-04 10:19:54.245 +03 [30336] LOG:  unexpected EOF on client connection with an open transaction
2026-06-04 10:19:54.245 +03 [30330] LOG:  unexpected EOF on client connection with an open transaction
2026-06-04 10:19:54.245 +03 [30334] LOG:  unexpected EOF on client connection with an open transaction
2026-06-04 10:19:54.245 +03 [30335] LOG:  unexpected EOF on client connection with an open transaction
2026-06-04 10:19:59.094 +03 [30398] LOG:  unexpected EOF on client connection with an open transaction
2026-06-04 10:19:59.094 +03 [30399] LOG:  unexpected EOF on client connection with an open transaction
2026-06-04 10:19:59.094 +03 [30396] LOG:  unexpected EOF on client connection with an open transaction
2026-06-04 10:19:59.094 +03 [30397] LOG:  unexpected EOF on client connection with an open transaction
2026-06-04 10:20:19.838 +03 [4250] LOG:  checkpoint complete: wrote 570 buffers (3.5%); 0 WAL file(s) added, 0 removed, 0 recycled; write=57.834 s, sync=0.002 s, total=57.836 s; sync files=126, longest=0.001 s, average=0.001 s; distance=3082 kB, estimate=5948 kB
2026-06-04 10:24:22.837 +03 [4250] LOG:  checkpoint starting: time
2026-06-04 10:26:10.838 +03 [4250] LOG:  checkpoint complete: wrote 1072 buffers (6.5%); 0 WAL file(s) added, 0 removed, 0 recycled; write=107.996 s, sync=0.002 s, total=108.002 s; sync files=219, longest=0.001 s, average=0.001 s; distance=6608 kB, estimate=6608 kB
2026-06-04 10:27:35.562 +03 [33562] LOG:  unexpected EOF on client connection with an open transaction
2026-06-04 10:27:35.562 +03 [33561] LOG:  unexpected EOF on client connection with an open transaction
2026-06-04 10:27:35.562 +03 [33560] LOG:  unexpected EOF on client connection with an open transaction
2026-06-04 10:27:35.562 +03 [33556] LOG:  unexpected EOF on client connection with an open transaction
2026-06-04 10:27:35.842 +03 [33569] LOG:  could not receive data from client: Connection reset by peer
2026-06-04 10:27:35.843 +03 [33558] LOG:  unexpected EOF on client connection with an open transaction
2026-06-04 10:27:36.592 +03 [33589] LOG:  unexpected EOF on client connection with an open transaction
2026-06-04 10:27:36.592 +03 [33588] LOG:  unexpected EOF on client connection with an open transaction
2026-06-04 10:27:36.592 +03 [33583] LOG:  unexpected EOF on client connection with an open transaction
2026-06-04 10:27:36.600 +03 [33590] LOG:  unexpected EOF on client connection with an open transaction
2026-06-04 10:27:36.750 +03 [33597] LOG:  unexpected EOF on client connection with an open transaction
2026-06-04 10:27:36.750 +03 [33595] LOG:  unexpected EOF on client connection with an open transaction
2026-06-04 10:27:36.750 +03 [33596] LOG:  unexpected EOF on client connection with an open transaction
2026-06-04 10:27:36.750 +03 [33594] LOG:  unexpected EOF on client connection with an open transaction
2026-06-04 10:28:31.667 +03 [33960] LOG:  could not receive data from client: Connection reset by peer
2026-06-04 10:28:32.169 +03 [33975] LOG:  unexpected EOF on client connection with an open transaction
2026-06-04 10:28:32.169 +03 [33973] LOG:  unexpected EOF on client connection with an open transaction
2026-06-04 10:28:32.169 +03 [33972] LOG:  unexpected EOF on client connection with an open transaction
2026-06-04 10:28:32.169 +03 [33974] LOG:  unexpected EOF on client connection with an open transaction
2026-06-04 10:28:32.178 +03 [33964] LOG:  unexpected EOF on client connection with an open transaction
2026-06-04 10:28:32.184 +03 [33977] LOG:  unexpected EOF on client connection with an open transaction
2026-06-04 10:28:32.184 +03 [33979] LOG:  unexpected EOF on client connection with an open transaction
2026-06-04 10:28:32.184 +03 [33978] LOG:  unexpected EOF on client connection with an open transaction
2026-06-04 10:28:32.184 +03 [33976] LOG:  unexpected EOF on client connection with an open transaction
2026-06-04 10:28:32.627 +03 [34008] LOG:  unexpected EOF on client connection with an open transaction
2026-06-04 10:28:32.627 +03 [34007] LOG:  unexpected EOF on client connection with an open transaction
2026-06-04 10:28:32.627 +03 [34006] LOG:  unexpected EOF on client connection with an open transaction
2026-06-04 10:28:32.627 +03 [33998] LOG:  unexpected EOF on client connection with an open transaction
2026-06-04 10:28:32.631 +03 [34003] LOG:  unexpected EOF on client connection with an open transaction
2026-06-04 10:28:32.631 +03 [34005] LOG:  unexpected EOF on client connection with an open transaction
2026-06-04 10:28:32.631 +03 [34004] LOG:  unexpected EOF on client connection with an open transaction
2026-06-04 10:28:32.631 +03 [33999] LOG:  unexpected EOF on client connection with an open transaction
2026-06-04 10:28:57.187 +03 [34216] LOG:  unexpected EOF on client connection with an open transaction
2026-06-04 10:28:57.187 +03 [34217] LOG:  unexpected EOF on client connection with an open transaction
2026-06-04 10:28:57.187 +03 [34208] LOG:  unexpected EOF on client connection with an open transaction
2026-06-04 10:28:57.187 +03 [34213] LOG:  unexpected EOF on client connection with an open transaction
2026-06-04 10:28:57.196 +03 [34212] LOG:  unexpected EOF on client connection with an open transaction
2026-06-04 10:28:57.196 +03 [34206] LOG:  unexpected EOF on client connection with an open transaction
2026-06-04 10:28:57.196 +03 [34215] LOG:  unexpected EOF on client connection with an open transaction
2026-06-04 10:28:57.196 +03 [34214] LOG:  unexpected EOF on client connection with an open transaction
2026-06-04 10:28:57.373 +03 [34211] ERROR:  duplicate key value violates unique constraint "control_tower_alerts_open_dedup_idx"
2026-06-04 10:28:57.373 +03 [34211] DETAIL:  Key (workspace_id, alert_key)=(8c8d3225-b586-4fa0-bc21-03027dfa9a5c, operator.overloaded) already exists.
2026-06-04 10:28:57.373 +03 [34211] STATEMENT:  INSERT INTO "public"."control_tower_alerts" ("id","severity","category","alert_key","workspace_id","workspace_type","title","description","created_at") VALUES ($1,$2,$3,$4,$5,$6,$7,$8,$9) RETURNING "public"."control_tower_alerts"."id", "public"."control_tower_alerts"."severity", "public"."control_tower_alerts"."category", "public"."control_tower_alerts"."alert_key", "public"."control_tower_alerts"."workspace_id", "public"."control_tower_alerts"."workspace_type", "public"."control_tower_alerts"."title", "public"."control_tower_alerts"."description", "public"."control_tower_alerts"."resolved_at", "public"."control_tower_alerts"."resolved_by_id", "public"."control_tower_alerts"."created_at"
2026-06-04 10:29:03.881 +03 [34209] ERROR:  duplicate key value violates unique constraint "control_tower_alerts_open_dedup_idx"
2026-06-04 10:29:03.881 +03 [34209] DETAIL:  Key (workspace_id, alert_key)=(8c8d3225-b586-4fa0-bc21-03027dfa9a5c, operator.overloaded) already exists.
2026-06-04 10:29:03.881 +03 [34209] STATEMENT:  INSERT INTO "public"."control_tower_alerts" ("id","severity","category","alert_key","workspace_id","workspace_type","title","description","created_at") VALUES ($1,$2,$3,$4,$5,$6,$7,$8,$9) RETURNING "public"."control_tower_alerts"."id", "public"."control_tower_alerts"."severity", "public"."control_tower_alerts"."category", "public"."control_tower_alerts"."alert_key", "public"."control_tower_alerts"."workspace_id", "public"."control_tower_alerts"."workspace_type", "public"."control_tower_alerts"."title", "public"."control_tower_alerts"."description", "public"."control_tower_alerts"."resolved_at", "public"."control_tower_alerts"."resolved_by_id", "public"."control_tower_alerts"."created_at"
2026-06-04 10:29:22.854 +03 [4250] LOG:  checkpoint starting: time
2026-06-04 10:30:08.416 +03 [34221] ERROR:  duplicate key value violates unique constraint "control_tower_alerts_open_dedup_idx"
2026-06-04 10:30:08.416 +03 [34221] DETAIL:  Key (workspace_id, alert_key)=(8c8d3225-b586-4fa0-bc21-03027dfa9a5c, operator.overloaded) already exists.
2026-06-04 10:30:08.416 +03 [34221] STATEMENT:  INSERT INTO "public"."control_tower_alerts" ("id","severity","category","alert_key","workspace_id","workspace_type","title","description","created_at") VALUES ($1,$2,$3,$4,$5,$6,$7,$8,$9) RETURNING "public"."control_tower_alerts"."id", "public"."control_tower_alerts"."severity", "public"."control_tower_alerts"."category", "public"."control_tower_alerts"."alert_key", "public"."control_tower_alerts"."workspace_id", "public"."control_tower_alerts"."workspace_type", "public"."control_tower_alerts"."title", "public"."control_tower_alerts"."description", "public"."control_tower_alerts"."resolved_at", "public"."control_tower_alerts"."resolved_by_id", "public"."control_tower_alerts"."created_at"
2026-06-04 10:30:14.285 +03 [34221] ERROR:  duplicate key value violates unique constraint "control_tower_alerts_open_dedup_idx"
2026-06-04 10:30:14.285 +03 [34221] DETAIL:  Key (workspace_id, alert_key)=(8c8d3225-b586-4fa0-bc21-03027dfa9a5c, operator.overloaded) already exists.
2026-06-04 10:30:14.285 +03 [34221] STATEMENT:  INSERT INTO "public"."control_tower_alerts" ("id","severity","category","alert_key","workspace_id","workspace_type","title","description","created_at") VALUES ($1,$2,$3,$4,$5,$6,$7,$8,$9) RETURNING "public"."control_tower_alerts"."id", "public"."control_tower_alerts"."severity", "public"."control_tower_alerts"."category", "public"."control_tower_alerts"."alert_key", "public"."control_tower_alerts"."workspace_id", "public"."control_tower_alerts"."workspace_type", "public"."control_tower_alerts"."title", "public"."control_tower_alerts"."description", "public"."control_tower_alerts"."resolved_at", "public"."control_tower_alerts"."resolved_by_id", "public"."control_tower_alerts"."created_at"
2026-06-04 10:30:16.880 +03 [34830] ERROR:  duplicate key value violates unique constraint "control_tower_alerts_open_dedup_idx"
2026-06-04 10:30:16.880 +03 [34830] DETAIL:  Key (workspace_id, alert_key)=(8c8d3225-b586-4fa0-bc21-03027dfa9a5c, operator.overloaded) already exists.
2026-06-04 10:30:16.880 +03 [34830] STATEMENT:  INSERT INTO "public"."control_tower_alerts" ("id","severity","category","alert_key","workspace_id","workspace_type","title","description","created_at") VALUES ($1,$2,$3,$4,$5,$6,$7,$8,$9) RETURNING "public"."control_tower_alerts"."id", "public"."control_tower_alerts"."severity", "public"."control_tower_alerts"."category", "public"."control_tower_alerts"."alert_key", "public"."control_tower_alerts"."workspace_id", "public"."control_tower_alerts"."workspace_type", "public"."control_tower_alerts"."title", "public"."control_tower_alerts"."description", "public"."control_tower_alerts"."resolved_at", "public"."control_tower_alerts"."resolved_by_id", "public"."control_tower_alerts"."created_at"
2026-06-04 10:30:17.676 +03 [4250] LOG:  checkpoint complete: wrote 546 buffers (3.3%); 0 WAL file(s) added, 0 removed, 0 recycled; write=54.820 s, sync=0.001 s, total=54.823 s; sync files=126, longest=0.001 s, average=0.001 s; distance=3017 kB, estimate=6249 kB
2026-06-04 10:30:20.812 +03 [34278] ERROR:  duplicate key value violates unique constraint "control_tower_alerts_open_dedup_idx"
2026-06-04 10:30:20.812 +03 [34278] DETAIL:  Key (workspace_id, alert_key)=(8c8d3225-b586-4fa0-bc21-03027dfa9a5c, operator.overloaded) already exists.
2026-06-04 10:30:20.812 +03 [34278] STATEMENT:  INSERT INTO "public"."control_tower_alerts" ("id","severity","category","alert_key","workspace_id","workspace_type","title","description","created_at") VALUES ($1,$2,$3,$4,$5,$6,$7,$8,$9) RETURNING "public"."control_tower_alerts"."id", "public"."control_tower_alerts"."severity", "public"."control_tower_alerts"."category", "public"."control_tower_alerts"."alert_key", "public"."control_tower_alerts"."workspace_id", "public"."control_tower_alerts"."workspace_type", "public"."control_tower_alerts"."title", "public"."control_tower_alerts"."description", "public"."control_tower_alerts"."resolved_at", "public"."control_tower_alerts"."resolved_by_id", "public"."control_tower_alerts"."created_at"
2026-06-04 10:30:28.506 +03 [34211] ERROR:  duplicate key value violates unique constraint "control_tower_alerts_open_dedup_idx"
2026-06-04 10:30:28.506 +03 [34211] DETAIL:  Key (workspace_id, alert_key)=(8c8d3225-b586-4fa0-bc21-03027dfa9a5c, operator.overloaded) already exists.
2026-06-04 10:30:28.506 +03 [34211] STATEMENT:  INSERT INTO "public"."control_tower_alerts" ("id","severity","category","alert_key","workspace_id","workspace_type","title","description","created_at") VALUES ($1,$2,$3,$4,$5,$6,$7,$8,$9) RETURNING "public"."control_tower_alerts"."id", "public"."control_tower_alerts"."severity", "public"."control_tower_alerts"."category", "public"."control_tower_alerts"."alert_key", "public"."control_tower_alerts"."workspace_id", "public"."control_tower_alerts"."workspace_type", "public"."control_tower_alerts"."title", "public"."control_tower_alerts"."description", "public"."control_tower_alerts"."resolved_at", "public"."control_tower_alerts"."resolved_by_id", "public"."control_tower_alerts"."created_at"
2026-06-04 10:30:34.111 +03 [34278] ERROR:  duplicate key value violates unique constraint "control_tower_alerts_open_dedup_idx"
2026-06-04 10:30:34.111 +03 [34278] DETAIL:  Key (workspace_id, alert_key)=(8c8d3225-b586-4fa0-bc21-03027dfa9a5c, operator.overloaded) already exists.
2026-06-04 10:30:34.111 +03 [34278] STATEMENT:  INSERT INTO "public"."control_tower_alerts" ("id","severity","category","alert_key","workspace_id","workspace_type","title","description","created_at") VALUES ($1,$2,$3,$4,$5,$6,$7,$8,$9) RETURNING "public"."control_tower_alerts"."id", "public"."control_tower_alerts"."severity", "public"."control_tower_alerts"."category", "public"."control_tower_alerts"."alert_key", "public"."control_tower_alerts"."workspace_id", "public"."control_tower_alerts"."workspace_type", "public"."control_tower_alerts"."title", "public"."control_tower_alerts"."description", "public"."control_tower_alerts"."resolved_at", "public"."control_tower_alerts"."resolved_by_id", "public"."control_tower_alerts"."created_at"
2026-06-04 10:31:01.507 +03 [34824] ERROR:  duplicate key value violates unique constraint "control_tower_alerts_open_dedup_idx"
2026-06-04 10:31:01.507 +03 [34824] DETAIL:  Key (workspace_id, alert_key)=(8c8d3225-b586-4fa0-bc21-03027dfa9a5c, operator.overloaded) already exists.
2026-06-04 10:31:01.507 +03 [34824] STATEMENT:  INSERT INTO "public"."control_tower_alerts" ("id","severity","category","alert_key","workspace_id","workspace_type","title","description","created_at") VALUES ($1,$2,$3,$4,$5,$6,$7,$8,$9) RETURNING "public"."control_tower_alerts"."id", "public"."control_tower_alerts"."severity", "public"."control_tower_alerts"."category", "public"."control_tower_alerts"."alert_key", "public"."control_tower_alerts"."workspace_id", "public"."control_tower_alerts"."workspace_type", "public"."control_tower_alerts"."title", "public"."control_tower_alerts"."description", "public"."control_tower_alerts"."resolved_at", "public"."control_tower_alerts"."resolved_by_id", "public"."control_tower_alerts"."created_at"
2026-06-04 10:31:01.927 +03 [34824] ERROR:  duplicate key value violates unique constraint "control_tower_alerts_open_dedup_idx"
2026-06-04 10:31:01.927 +03 [34824] DETAIL:  Key (workspace_id, alert_key)=(8c8d3225-b586-4fa0-bc21-03027dfa9a5c, operator.overloaded) already exists.
2026-06-04 10:31:01.927 +03 [34824] STATEMENT:  INSERT INTO "public"."control_tower_alerts" ("id","severity","category","alert_key","workspace_id","workspace_type","title","description","created_at") VALUES ($1,$2,$3,$4,$5,$6,$7,$8,$9) RETURNING "public"."control_tower_alerts"."id", "public"."control_tower_alerts"."severity", "public"."control_tower_alerts"."category", "public"."control_tower_alerts"."alert_key", "public"."control_tower_alerts"."workspace_id", "public"."control_tower_alerts"."workspace_type", "public"."control_tower_alerts"."title", "public"."control_tower_alerts"."description", "public"."control_tower_alerts"."resolved_at", "public"."control_tower_alerts"."resolved_by_id", "public"."control_tower_alerts"."created_at"
2026-06-04 10:31:04.806 +03 [34278] ERROR:  duplicate key value violates unique constraint "control_tower_alerts_open_dedup_idx"
2026-06-04 10:31:04.806 +03 [34278] DETAIL:  Key (workspace_id, alert_key)=(8c8d3225-b586-4fa0-bc21-03027dfa9a5c, operator.overloaded) already exists.
2026-06-04 10:31:04.806 +03 [34278] STATEMENT:  INSERT INTO "public"."control_tower_alerts" ("id","severity","category","alert_key","workspace_id","workspace_type","title","description","created_at") VALUES ($1,$2,$3,$4,$5,$6,$7,$8,$9) RETURNING "public"."control_tower_alerts"."id", "public"."control_tower_alerts"."severity", "public"."control_tower_alerts"."category", "public"."control_tower_alerts"."alert_key", "public"."control_tower_alerts"."workspace_id", "public"."control_tower_alerts"."workspace_type", "public"."control_tower_alerts"."title", "public"."control_tower_alerts"."description", "public"."control_tower_alerts"."resolved_at", "public"."control_tower_alerts"."resolved_by_id", "public"."control_tower_alerts"."created_at"
2026-06-04 10:34:22.677 +03 [4250] LOG:  checkpoint starting: time
2026-06-04 10:36:02.371 +03 [4250] LOG:  checkpoint complete: wrote 983 buffers (6.0%); 0 WAL file(s) added, 0 removed, 1 recycled; write=99.679 s, sync=0.009 s, total=99.695 s; sync files=214, longest=0.001 s, average=0.001 s; distance=5912 kB, estimate=6216 kB
2026-06-04 10:38:39.108 +03 [38209] LOG:  could not receive data from client: Connection reset by peer
2026-06-04 10:38:39.470 +03 [38224] LOG:  unexpected EOF on client connection with an open transaction
2026-06-04 10:38:39.470 +03 [38223] LOG:  unexpected EOF on client connection with an open transaction
2026-06-04 10:38:39.471 +03 [38217] LOG:  unexpected EOF on client connection with an open transaction
2026-06-04 10:38:39.471 +03 [38222] LOG:  unexpected EOF on client connection with an open transaction
2026-06-04 10:38:39.590 +03 [38218] LOG:  unexpected EOF on client connection with an open transaction
2026-06-04 10:38:39.590 +03 [38220] LOG:  unexpected EOF on client connection with an open transaction
2026-06-04 10:38:39.590 +03 [38219] LOG:  unexpected EOF on client connection with an open transaction
2026-06-04 10:38:39.590 +03 [38216] LOG:  unexpected EOF on client connection with an open transaction
2026-06-04 10:38:39.963 +03 [38245] LOG:  unexpected EOF on client connection with an open transaction
2026-06-04 10:38:39.963 +03 [38251] LOG:  unexpected EOF on client connection with an open transaction
2026-06-04 10:38:39.963 +03 [38249] LOG:  unexpected EOF on client connection with an open transaction
2026-06-04 10:38:40.110 +03 [38247] LOG:  unexpected EOF on client connection with an open transaction
2026-06-04 10:38:40.110 +03 [38246] LOG:  unexpected EOF on client connection with an open transaction
2026-06-04 10:38:40.110 +03 [38244] LOG:  unexpected EOF on client connection with an open transaction
2026-06-04 10:38:40.110 +03 [38248] LOG:  unexpected EOF on client connection with an open transaction
2026-06-04 10:38:40.128 +03 [38233] LOG:  unexpected EOF on client connection with an open transaction
2026-06-04 10:38:41.298 +03 [38293] LOG:  unexpected EOF on client connection with an open transaction
2026-06-04 10:38:41.298 +03 [38288] LOG:  unexpected EOF on client connection with an open transaction
2026-06-04 10:38:41.434 +03 [38299] LOG:  unexpected EOF on client connection with an open transaction
2026-06-04 10:38:41.434 +03 [38289] LOG:  unexpected EOF on client connection with an open transaction
2026-06-04 10:38:41.434 +03 [38297] LOG:  unexpected EOF on client connection with an open transaction
2026-06-04 10:38:41.434 +03 [38298] LOG:  unexpected EOF on client connection with an open transaction
2026-06-04 10:38:41.537 +03 [38292] ERROR:  duplicate key value violates unique constraint "control_tower_alerts_open_dedup_idx"
2026-06-04 10:38:41.537 +03 [38292] DETAIL:  Key (workspace_id, alert_key)=(8c8d3225-b586-4fa0-bc21-03027dfa9a5c, operator.overloaded) already exists.
2026-06-04 10:38:41.537 +03 [38292] STATEMENT:  INSERT INTO "public"."control_tower_alerts" ("id","severity","category","alert_key","workspace_id","workspace_type","title","description","created_at") VALUES ($1,$2,$3,$4,$5,$6,$7,$8,$9) RETURNING "public"."control_tower_alerts"."id", "public"."control_tower_alerts"."severity", "public"."control_tower_alerts"."category", "public"."control_tower_alerts"."alert_key", "public"."control_tower_alerts"."workspace_id", "public"."control_tower_alerts"."workspace_type", "public"."control_tower_alerts"."title", "public"."control_tower_alerts"."description", "public"."control_tower_alerts"."resolved_at", "public"."control_tower_alerts"."resolved_by_id", "public"."control_tower_alerts"."created_at"
2026-06-04 10:39:22.372 +03 [4250] LOG:  checkpoint starting: time
2026-06-04 10:39:49.233 +03 [4250] LOG:  checkpoint complete: wrote 265 buffers (1.6%); 0 WAL file(s) added, 0 removed, 0 recycled; write=26.856 s, sync=0.003 s, total=26.861 s; sync files=35, longest=0.001 s, average=0.001 s; distance=1377 kB, estimate=5732 kB
2026-06-04 10:39:54.271 +03 [38812] ERROR:  duplicate key value violates unique constraint "control_tower_alerts_open_dedup_idx"
2026-06-04 10:39:54.271 +03 [38812] DETAIL:  Key (workspace_id, alert_key)=(8c8d3225-b586-4fa0-bc21-03027dfa9a5c, operator.overloaded) already exists.
2026-06-04 10:39:54.271 +03 [38812] STATEMENT:  INSERT INTO "public"."control_tower_alerts" ("id","severity","category","alert_key","workspace_id","workspace_type","title","description","created_at") VALUES ($1,$2,$3,$4,$5,$6,$7,$8,$9) RETURNING "public"."control_tower_alerts"."id", "public"."control_tower_alerts"."severity", "public"."control_tower_alerts"."category", "public"."control_tower_alerts"."alert_key", "public"."control_tower_alerts"."workspace_id", "public"."control_tower_alerts"."workspace_type", "public"."control_tower_alerts"."title", "public"."control_tower_alerts"."description", "public"."control_tower_alerts"."resolved_at", "public"."control_tower_alerts"."resolved_by_id", "public"."control_tower_alerts"."created_at"
2026-06-04 10:39:59.568 +03 [38853] ERROR:  duplicate key value violates unique constraint "control_tower_alerts_open_dedup_idx"
2026-06-04 10:39:59.568 +03 [38853] DETAIL:  Key (workspace_id, alert_key)=(8c8d3225-b586-4fa0-bc21-03027dfa9a5c, operator.overloaded) already exists.
2026-06-04 10:39:59.568 +03 [38853] STATEMENT:  INSERT INTO "public"."control_tower_alerts" ("id","severity","category","alert_key","workspace_id","workspace_type","title","description","created_at") VALUES ($1,$2,$3,$4,$5,$6,$7,$8,$9) RETURNING "public"."control_tower_alerts"."id", "public"."control_tower_alerts"."severity", "public"."control_tower_alerts"."category", "public"."control_tower_alerts"."alert_key", "public"."control_tower_alerts"."workspace_id", "public"."control_tower_alerts"."workspace_type", "public"."control_tower_alerts"."title", "public"."control_tower_alerts"."description", "public"."control_tower_alerts"."resolved_at", "public"."control_tower_alerts"."resolved_by_id", "public"."control_tower_alerts"."created_at"
2026-06-04 10:40:54.586 +03 [39289] ERROR:  duplicate key value violates unique constraint "control_tower_alerts_open_dedup_idx"
2026-06-04 10:40:54.586 +03 [39289] DETAIL:  Key (workspace_id, alert_key)=(8c8d3225-b586-4fa0-bc21-03027dfa9a5c, operator.overloaded) already exists.
2026-06-04 10:40:54.586 +03 [39289] STATEMENT:  INSERT INTO "public"."control_tower_alerts" ("id","severity","category","alert_key","workspace_id","workspace_type","title","description","created_at") VALUES ($1,$2,$3,$4,$5,$6,$7,$8,$9) RETURNING "public"."control_tower_alerts"."id", "public"."control_tower_alerts"."severity", "public"."control_tower_alerts"."category", "public"."control_tower_alerts"."alert_key", "public"."control_tower_alerts"."workspace_id", "public"."control_tower_alerts"."workspace_type", "public"."control_tower_alerts"."title", "public"."control_tower_alerts"."description", "public"."control_tower_alerts"."resolved_at", "public"."control_tower_alerts"."resolved_by_id", "public"."control_tower_alerts"."created_at"
2026-06-04 10:41:00.908 +03 [39292] ERROR:  duplicate key value violates unique constraint "control_tower_alerts_open_dedup_idx"
2026-06-04 10:41:00.908 +03 [39292] DETAIL:  Key (workspace_id, alert_key)=(8c8d3225-b586-4fa0-bc21-03027dfa9a5c, operator.overloaded) already exists.
2026-06-04 10:41:00.908 +03 [39292] STATEMENT:  INSERT INTO "public"."control_tower_alerts" ("id","severity","category","alert_key","workspace_id","workspace_type","title","description","created_at") VALUES ($1,$2,$3,$4,$5,$6,$7,$8,$9) RETURNING "public"."control_tower_alerts"."id", "public"."control_tower_alerts"."severity", "public"."control_tower_alerts"."category", "public"."control_tower_alerts"."alert_key", "public"."control_tower_alerts"."workspace_id", "public"."control_tower_alerts"."workspace_type", "public"."control_tower_alerts"."title", "public"."control_tower_alerts"."description", "public"."control_tower_alerts"."resolved_at", "public"."control_tower_alerts"."resolved_by_id", "public"."control_tower_alerts"."created_at"
2026-06-04 10:41:03.702 +03 [39290] ERROR:  duplicate key value violates unique constraint "control_tower_alerts_open_dedup_idx"
2026-06-04 10:41:03.702 +03 [39290] DETAIL:  Key (workspace_id, alert_key)=(8c8d3225-b586-4fa0-bc21-03027dfa9a5c, operator.overloaded) already exists.
2026-06-04 10:41:03.702 +03 [39290] STATEMENT:  INSERT INTO "public"."control_tower_alerts" ("id","severity","category","alert_key","workspace_id","workspace_type","title","description","created_at") VALUES ($1,$2,$3,$4,$5,$6,$7,$8,$9) RETURNING "public"."control_tower_alerts"."id", "public"."control_tower_alerts"."severity", "public"."control_tower_alerts"."category", "public"."control_tower_alerts"."alert_key", "public"."control_tower_alerts"."workspace_id", "public"."control_tower_alerts"."workspace_type", "public"."control_tower_alerts"."title", "public"."control_tower_alerts"."description", "public"."control_tower_alerts"."resolved_at", "public"."control_tower_alerts"."resolved_by_id", "public"."control_tower_alerts"."created_at"
2026-06-04 10:41:07.513 +03 [39292] ERROR:  duplicate key value violates unique constraint "control_tower_alerts_open_dedup_idx"
2026-06-04 10:41:07.513 +03 [39292] DETAIL:  Key (workspace_id, alert_key)=(8c8d3225-b586-4fa0-bc21-03027dfa9a5c, operator.overloaded) already exists.
2026-06-04 10:41:07.513 +03 [39292] STATEMENT:  INSERT INTO "public"."control_tower_alerts" ("id","severity","category","alert_key","workspace_id","workspace_type","title","description","created_at") VALUES ($1,$2,$3,$4,$5,$6,$7,$8,$9) RETURNING "public"."control_tower_alerts"."id", "public"."control_tower_alerts"."severity", "public"."control_tower_alerts"."category", "public"."control_tower_alerts"."alert_key", "public"."control_tower_alerts"."workspace_id", "public"."control_tower_alerts"."workspace_type", "public"."control_tower_alerts"."title", "public"."control_tower_alerts"."description", "public"."control_tower_alerts"."resolved_at", "public"."control_tower_alerts"."resolved_by_id", "public"."control_tower_alerts"."created_at"
2026-06-04 10:41:13.844 +03 [38853] ERROR:  duplicate key value violates unique constraint "control_tower_alerts_open_dedup_idx"
2026-06-04 10:41:13.844 +03 [38853] DETAIL:  Key (workspace_id, alert_key)=(8c8d3225-b586-4fa0-bc21-03027dfa9a5c, operator.overloaded) already exists.
2026-06-04 10:41:13.844 +03 [38853] STATEMENT:  INSERT INTO "public"."control_tower_alerts" ("id","severity","category","alert_key","workspace_id","workspace_type","title","description","created_at") VALUES ($1,$2,$3,$4,$5,$6,$7,$8,$9) RETURNING "public"."control_tower_alerts"."id", "public"."control_tower_alerts"."severity", "public"."control_tower_alerts"."category", "public"."control_tower_alerts"."alert_key", "public"."control_tower_alerts"."workspace_id", "public"."control_tower_alerts"."workspace_type", "public"."control_tower_alerts"."title", "public"."control_tower_alerts"."description", "public"."control_tower_alerts"."resolved_at", "public"."control_tower_alerts"."resolved_by_id", "public"."control_tower_alerts"."created_at"
2026-06-04 10:41:19.055 +03 [38811] ERROR:  duplicate key value violates unique constraint "control_tower_alerts_open_dedup_idx"
2026-06-04 10:41:19.055 +03 [38811] DETAIL:  Key (workspace_id, alert_key)=(8c8d3225-b586-4fa0-bc21-03027dfa9a5c, operator.overloaded) already exists.
2026-06-04 10:41:19.055 +03 [38811] STATEMENT:  INSERT INTO "public"."control_tower_alerts" ("id","severity","category","alert_key","workspace_id","workspace_type","title","description","created_at") VALUES ($1,$2,$3,$4,$5,$6,$7,$8,$9) RETURNING "public"."control_tower_alerts"."id", "public"."control_tower_alerts"."severity", "public"."control_tower_alerts"."category", "public"."control_tower_alerts"."alert_key", "public"."control_tower_alerts"."workspace_id", "public"."control_tower_alerts"."workspace_type", "public"."control_tower_alerts"."title", "public"."control_tower_alerts"."description", "public"."control_tower_alerts"."resolved_at", "public"."control_tower_alerts"."resolved_by_id", "public"."control_tower_alerts"."created_at"
2026-06-04 10:41:41.528 +03 [38291] ERROR:  duplicate key value violates unique constraint "control_tower_alerts_open_dedup_idx"
2026-06-04 10:41:41.528 +03 [38291] DETAIL:  Key (workspace_id, alert_key)=(8c8d3225-b586-4fa0-bc21-03027dfa9a5c, operator.overloaded) already exists.
2026-06-04 10:41:41.528 +03 [38291] STATEMENT:  INSERT INTO "public"."control_tower_alerts" ("id","severity","category","alert_key","workspace_id","workspace_type","title","description","created_at") VALUES ($1,$2,$3,$4,$5,$6,$7,$8,$9) RETURNING "public"."control_tower_alerts"."id", "public"."control_tower_alerts"."severity", "public"."control_tower_alerts"."category", "public"."control_tower_alerts"."alert_key", "public"."control_tower_alerts"."workspace_id", "public"."control_tower_alerts"."workspace_type", "public"."control_tower_alerts"."title", "public"."control_tower_alerts"."description", "public"."control_tower_alerts"."resolved_at", "public"."control_tower_alerts"."resolved_by_id", "public"."control_tower_alerts"."created_at"
2026-06-04 10:41:42.120 +03 [38807] ERROR:  duplicate key value violates unique constraint "control_tower_alerts_open_dedup_idx"
2026-06-04 10:41:42.120 +03 [38807] DETAIL:  Key (workspace_id, alert_key)=(8c8d3225-b586-4fa0-bc21-03027dfa9a5c, operator.overloaded) already exists.
2026-06-04 10:41:42.120 +03 [38807] STATEMENT:  INSERT INTO "public"."control_tower_alerts" ("id","severity","category","alert_key","workspace_id","workspace_type","title","description","created_at") VALUES ($1,$2,$3,$4,$5,$6,$7,$8,$9) RETURNING "public"."control_tower_alerts"."id", "public"."control_tower_alerts"."severity", "public"."control_tower_alerts"."category", "public"."control_tower_alerts"."alert_key", "public"."control_tower_alerts"."workspace_id", "public"."control_tower_alerts"."workspace_type", "public"."control_tower_alerts"."title", "public"."control_tower_alerts"."description", "public"."control_tower_alerts"."resolved_at", "public"."control_tower_alerts"."resolved_by_id", "public"."control_tower_alerts"."created_at"
2026-06-04 10:41:44.872 +03 [38291] ERROR:  duplicate key value violates unique constraint "control_tower_alerts_open_dedup_idx"
2026-06-04 10:41:44.872 +03 [38291] DETAIL:  Key (workspace_id, alert_key)=(8c8d3225-b586-4fa0-bc21-03027dfa9a5c, operator.overloaded) already exists.
2026-06-04 10:41:44.872 +03 [38291] STATEMENT:  INSERT INTO "public"."control_tower_alerts" ("id","severity","category","alert_key","workspace_id","workspace_type","title","description","created_at") VALUES ($1,$2,$3,$4,$5,$6,$7,$8,$9) RETURNING "public"."control_tower_alerts"."id", "public"."control_tower_alerts"."severity", "public"."control_tower_alerts"."category", "public"."control_tower_alerts"."alert_key", "public"."control_tower_alerts"."workspace_id", "public"."control_tower_alerts"."workspace_type", "public"."control_tower_alerts"."title", "public"."control_tower_alerts"."description", "public"."control_tower_alerts"."resolved_at", "public"."control_tower_alerts"."resolved_by_id", "public"."control_tower_alerts"."created_at"
2026-06-04 10:41:49.857 +03 [38287] ERROR:  duplicate key value violates unique constraint "control_tower_alerts_open_dedup_idx"
2026-06-04 10:41:49.857 +03 [38287] DETAIL:  Key (workspace_id, alert_key)=(8c8d3225-b586-4fa0-bc21-03027dfa9a5c, operator.overloaded) already exists.
2026-06-04 10:41:49.857 +03 [38287] STATEMENT:  INSERT INTO "public"."control_tower_alerts" ("id","severity","category","alert_key","workspace_id","workspace_type","title","description","created_at") VALUES ($1,$2,$3,$4,$5,$6,$7,$8,$9) RETURNING "public"."control_tower_alerts"."id", "public"."control_tower_alerts"."severity", "public"."control_tower_alerts"."category", "public"."control_tower_alerts"."alert_key", "public"."control_tower_alerts"."workspace_id", "public"."control_tower_alerts"."workspace_type", "public"."control_tower_alerts"."title", "public"."control_tower_alerts"."description", "public"."control_tower_alerts"."resolved_at", "public"."control_tower_alerts"."resolved_by_id", "public"."control_tower_alerts"."created_at"
2026-06-04 10:44:22.226 +03 [4250] LOG:  checkpoint starting: time
2026-06-04 10:46:28.382 +03 [4250] LOG:  checkpoint complete: wrote 1243 buffers (7.6%); 0 WAL file(s) added, 0 removed, 0 recycled; write=126.149 s, sync=0.005 s, total=126.157 s; sync files=220, longest=0.001 s, average=0.001 s; distance=6891 kB, estimate=6891 kB
2026-06-04 10:47:27.605 +03 [41899] LOG:  unexpected EOF on client connection with an open transaction
2026-06-04 10:47:27.605 +03 [41893] LOG:  unexpected EOF on client connection with an open transaction
2026-06-04 10:47:27.605 +03 [41898] LOG:  unexpected EOF on client connection with an open transaction
2026-06-04 10:47:27.605 +03 [41897] LOG:  unexpected EOF on client connection with an open transaction
2026-06-04 10:47:27.839 +03 [41902] LOG:  unexpected EOF on client connection with an open transaction
2026-06-04 10:47:27.839 +03 [41904] LOG:  unexpected EOF on client connection with an open transaction
2026-06-04 10:47:27.839 +03 [41901] LOG:  unexpected EOF on client connection with an open transaction
2026-06-04 10:47:27.839 +03 [41903] LOG:  unexpected EOF on client connection with an open transaction
2026-06-04 10:47:27.869 +03 [41891] ERROR:  duplicate key value violates unique constraint "control_tower_alerts_open_dedup_idx"
2026-06-04 10:47:27.869 +03 [41891] DETAIL:  Key (workspace_id, alert_key)=(8c8d3225-b586-4fa0-bc21-03027dfa9a5c, operator.overloaded) already exists.
2026-06-04 10:47:27.869 +03 [41891] STATEMENT:  INSERT INTO "public"."control_tower_alerts" ("id","severity","category","alert_key","workspace_id","workspace_type","title","description","created_at") VALUES ($1,$2,$3,$4,$5,$6,$7,$8,$9) RETURNING "public"."control_tower_alerts"."id", "public"."control_tower_alerts"."severity", "public"."control_tower_alerts"."category", "public"."control_tower_alerts"."alert_key", "public"."control_tower_alerts"."workspace_id", "public"."control_tower_alerts"."workspace_type", "public"."control_tower_alerts"."title", "public"."control_tower_alerts"."description", "public"."control_tower_alerts"."resolved_at", "public"."control_tower_alerts"."resolved_by_id", "public"."control_tower_alerts"."created_at"
2026-06-04 10:47:27.995 +03 [41889] LOG:  unexpected EOF on client connection with an open transaction
2026-06-04 10:47:29.286 +03 [41953] LOG:  unexpected EOF on client connection with an open transaction
2026-06-04 10:47:29.286 +03 [41955] LOG:  unexpected EOF on client connection with an open transaction
2026-06-04 10:47:29.286 +03 [41954] LOG:  unexpected EOF on client connection with an open transaction
2026-06-04 10:47:29.286 +03 [41949] LOG:  unexpected EOF on client connection with an open transaction
2026-06-04 10:47:29.297 +03 [41962] LOG:  could not receive data from client: Connection reset by peer
2026-06-04 10:47:29.297 +03 [41961] LOG:  could not receive data from client: Connection reset by peer
2026-06-04 10:47:29.297 +03 [41961] LOG:  unexpected EOF on client connection with an open transaction
2026-06-04 10:47:29.297 +03 [41956] LOG:  unexpected EOF on client connection with an open transaction
2026-06-04 10:47:29.345 +03 [41952] LOG:  unexpected EOF on client connection with an open transaction
2026-06-04 10:47:29.345 +03 [41951] LOG:  unexpected EOF on client connection with an open transaction
2026-06-04 10:47:29.680 +03 [41983] LOG:  unexpected EOF on client connection with an open transaction
2026-06-04 10:47:29.680 +03 [41982] LOG:  unexpected EOF on client connection with an open transaction
2026-06-04 10:47:29.680 +03 [41977] LOG:  unexpected EOF on client connection with an open transaction
2026-06-04 10:47:29.680 +03 [41981] LOG:  unexpected EOF on client connection with an open transaction
2026-06-04 10:47:29.730 +03 [41991] LOG:  unexpected EOF on client connection with an open transaction
2026-06-04 10:47:29.730 +03 [41989] LOG:  unexpected EOF on client connection with an open transaction
2026-06-04 10:47:29.730 +03 [41990] LOG:  unexpected EOF on client connection with an open transaction
2026-06-04 10:47:29.730 +03 [41988] LOG:  unexpected EOF on client connection with an open transaction
2026-06-04 10:47:29.929 +03 [41980] ERROR:  duplicate key value violates unique constraint "control_tower_alerts_open_dedup_idx"
2026-06-04 10:47:29.929 +03 [41980] DETAIL:  Key (workspace_id, alert_key)=(8c8d3225-b586-4fa0-bc21-03027dfa9a5c, operator.overloaded) already exists.
2026-06-04 10:47:29.929 +03 [41980] STATEMENT:  INSERT INTO "public"."control_tower_alerts" ("id","severity","category","alert_key","workspace_id","workspace_type","title","description","created_at") VALUES ($1,$2,$3,$4,$5,$6,$7,$8,$9) RETURNING "public"."control_tower_alerts"."id", "public"."control_tower_alerts"."severity", "public"."control_tower_alerts"."category", "public"."control_tower_alerts"."alert_key", "public"."control_tower_alerts"."workspace_id", "public"."control_tower_alerts"."workspace_type", "public"."control_tower_alerts"."title", "public"."control_tower_alerts"."description", "public"."control_tower_alerts"."resolved_at", "public"."control_tower_alerts"."resolved_by_id", "public"."control_tower_alerts"."created_at"
2026-06-04 10:49:22.383 +03 [4250] LOG:  checkpoint starting: time
2026-06-04 10:49:28.255 +03 [42754] ERROR:  duplicate key value violates unique constraint "control_tower_alerts_open_dedup_idx"
2026-06-04 10:49:28.255 +03 [42754] DETAIL:  Key (workspace_id, alert_key)=(8c8d3225-b586-4fa0-bc21-03027dfa9a5c, operator.overloaded) already exists.
2026-06-04 10:49:28.255 +03 [42754] STATEMENT:  INSERT INTO "public"."control_tower_alerts" ("id","severity","category","alert_key","workspace_id","workspace_type","title","description","created_at") VALUES ($1,$2,$3,$4,$5,$6,$7,$8,$9) RETURNING "public"."control_tower_alerts"."id", "public"."control_tower_alerts"."severity", "public"."control_tower_alerts"."category", "public"."control_tower_alerts"."alert_key", "public"."control_tower_alerts"."workspace_id", "public"."control_tower_alerts"."workspace_type", "public"."control_tower_alerts"."title", "public"."control_tower_alerts"."description", "public"."control_tower_alerts"."resolved_at", "public"."control_tower_alerts"."resolved_by_id", "public"."control_tower_alerts"."created_at"
2026-06-04 10:49:53.352 +03 [4250] LOG:  checkpoint complete: wrote 309 buffers (1.9%); 0 WAL file(s) added, 0 removed, 0 recycled; write=30.964 s, sync=0.003 s, total=30.969 s; sync files=60, longest=0.001 s, average=0.001 s; distance=1725 kB, estimate=6374 kB
2026-06-04 10:50:35.629 +03 [43272] ERROR:  duplicate key value violates unique constraint "control_tower_alerts_open_dedup_idx"
2026-06-04 10:50:35.629 +03 [43272] DETAIL:  Key (workspace_id, alert_key)=(8c8d3225-b586-4fa0-bc21-03027dfa9a5c, operator.overloaded) already exists.
2026-06-04 10:50:35.629 +03 [43272] STATEMENT:  INSERT INTO "public"."control_tower_alerts" ("id","severity","category","alert_key","workspace_id","workspace_type","title","description","created_at") VALUES ($1,$2,$3,$4,$5,$6,$7,$8,$9) RETURNING "public"."control_tower_alerts"."id", "public"."control_tower_alerts"."severity", "public"."control_tower_alerts"."category", "public"."control_tower_alerts"."alert_key", "public"."control_tower_alerts"."workspace_id", "public"."control_tower_alerts"."workspace_type", "public"."control_tower_alerts"."title", "public"."control_tower_alerts"."description", "public"."control_tower_alerts"."resolved_at", "public"."control_tower_alerts"."resolved_by_id", "public"."control_tower_alerts"."created_at"
2026-06-04 10:50:41.464 +03 [43270] ERROR:  duplicate key value violates unique constraint "control_tower_alerts_open_dedup_idx"
2026-06-04 10:50:41.464 +03 [43270] DETAIL:  Key (workspace_id, alert_key)=(8c8d3225-b586-4fa0-bc21-03027dfa9a5c, operator.overloaded) already exists.
2026-06-04 10:50:41.464 +03 [43270] STATEMENT:  INSERT INTO "public"."control_tower_alerts" ("id","severity","category","alert_key","workspace_id","workspace_type","title","description","created_at") VALUES ($1,$2,$3,$4,$5,$6,$7,$8,$9) RETURNING "public"."control_tower_alerts"."id", "public"."control_tower_alerts"."severity", "public"."control_tower_alerts"."category", "public"."control_tower_alerts"."alert_key", "public"."control_tower_alerts"."workspace_id", "public"."control_tower_alerts"."workspace_type", "public"."control_tower_alerts"."title", "public"."control_tower_alerts"."description", "public"."control_tower_alerts"."resolved_at", "public"."control_tower_alerts"."resolved_by_id", "public"."control_tower_alerts"."created_at"
2026-06-04 10:50:44.342 +03 [42745] ERROR:  duplicate key value violates unique constraint "control_tower_alerts_open_dedup_idx"
2026-06-04 10:50:44.342 +03 [42745] DETAIL:  Key (workspace_id, alert_key)=(8c8d3225-b586-4fa0-bc21-03027dfa9a5c, operator.overloaded) already exists.
2026-06-04 10:50:44.342 +03 [42745] STATEMENT:  INSERT INTO "public"."control_tower_alerts" ("id","severity","category","alert_key","workspace_id","workspace_type","title","description","created_at") VALUES ($1,$2,$3,$4,$5,$6,$7,$8,$9) RETURNING "public"."control_tower_alerts"."id", "public"."control_tower_alerts"."severity", "public"."control_tower_alerts"."category", "public"."control_tower_alerts"."alert_key", "public"."control_tower_alerts"."workspace_id", "public"."control_tower_alerts"."workspace_type", "public"."control_tower_alerts"."title", "public"."control_tower_alerts"."description", "public"."control_tower_alerts"."resolved_at", "public"."control_tower_alerts"."resolved_by_id", "public"."control_tower_alerts"."created_at"
2026-06-04 10:50:48.334 +03 [41986] ERROR:  duplicate key value violates unique constraint "control_tower_alerts_open_dedup_idx"
2026-06-04 10:50:48.334 +03 [41986] DETAIL:  Key (workspace_id, alert_key)=(8c8d3225-b586-4fa0-bc21-03027dfa9a5c, operator.overloaded) already exists.
2026-06-04 10:50:48.334 +03 [41986] STATEMENT:  INSERT INTO "public"."control_tower_alerts" ("id","severity","category","alert_key","workspace_id","workspace_type","title","description","created_at") VALUES ($1,$2,$3,$4,$5,$6,$7,$8,$9) RETURNING "public"."control_tower_alerts"."id", "public"."control_tower_alerts"."severity", "public"."control_tower_alerts"."category", "public"."control_tower_alerts"."alert_key", "public"."control_tower_alerts"."workspace_id", "public"."control_tower_alerts"."workspace_type", "public"."control_tower_alerts"."title", "public"."control_tower_alerts"."description", "public"."control_tower_alerts"."resolved_at", "public"."control_tower_alerts"."resolved_by_id", "public"."control_tower_alerts"."created_at"
2026-06-04 10:50:54.338 +03 [41976] ERROR:  duplicate key value violates unique constraint "control_tower_alerts_open_dedup_idx"
2026-06-04 10:50:54.338 +03 [41976] DETAIL:  Key (workspace_id, alert_key)=(8c8d3225-b586-4fa0-bc21-03027dfa9a5c, operator.overloaded) already exists.
2026-06-04 10:50:54.338 +03 [41976] STATEMENT:  INSERT INTO "public"."control_tower_alerts" ("id","severity","category","alert_key","workspace_id","workspace_type","title","description","created_at") VALUES ($1,$2,$3,$4,$5,$6,$7,$8,$9) RETURNING "public"."control_tower_alerts"."id", "public"."control_tower_alerts"."severity", "public"."control_tower_alerts"."category", "public"."control_tower_alerts"."alert_key", "public"."control_tower_alerts"."workspace_id", "public"."control_tower_alerts"."workspace_type", "public"."control_tower_alerts"."title", "public"."control_tower_alerts"."description", "public"."control_tower_alerts"."resolved_at", "public"."control_tower_alerts"."resolved_by_id", "public"."control_tower_alerts"."created_at"
2026-06-04 10:50:59.543 +03 [41986] ERROR:  duplicate key value violates unique constraint "control_tower_alerts_open_dedup_idx"
2026-06-04 10:50:59.543 +03 [41986] DETAIL:  Key (workspace_id, alert_key)=(8c8d3225-b586-4fa0-bc21-03027dfa9a5c, operator.overloaded) already exists.
2026-06-04 10:50:59.543 +03 [41986] STATEMENT:  INSERT INTO "public"."control_tower_alerts" ("id","severity","category","alert_key","workspace_id","workspace_type","title","description","created_at") VALUES ($1,$2,$3,$4,$5,$6,$7,$8,$9) RETURNING "public"."control_tower_alerts"."id", "public"."control_tower_alerts"."severity", "public"."control_tower_alerts"."category", "public"."control_tower_alerts"."alert_key", "public"."control_tower_alerts"."workspace_id", "public"."control_tower_alerts"."workspace_type", "public"."control_tower_alerts"."title", "public"."control_tower_alerts"."description", "public"."control_tower_alerts"."resolved_at", "public"."control_tower_alerts"."resolved_by_id", "public"."control_tower_alerts"."created_at"
2026-06-04 10:51:23.183 +03 [43265] ERROR:  duplicate key value violates unique constraint "control_tower_alerts_open_dedup_idx"
2026-06-04 10:51:23.183 +03 [43265] DETAIL:  Key (workspace_id, alert_key)=(8c8d3225-b586-4fa0-bc21-03027dfa9a5c, operator.overloaded) already exists.
2026-06-04 10:51:23.183 +03 [43265] STATEMENT:  INSERT INTO "public"."control_tower_alerts" ("id","severity","category","alert_key","workspace_id","workspace_type","title","description","created_at") VALUES ($1,$2,$3,$4,$5,$6,$7,$8,$9) RETURNING "public"."control_tower_alerts"."id", "public"."control_tower_alerts"."severity", "public"."control_tower_alerts"."category", "public"."control_tower_alerts"."alert_key", "public"."control_tower_alerts"."workspace_id", "public"."control_tower_alerts"."workspace_type", "public"."control_tower_alerts"."title", "public"."control_tower_alerts"."description", "public"."control_tower_alerts"."resolved_at", "public"."control_tower_alerts"."resolved_by_id", "public"."control_tower_alerts"."created_at"
2026-06-04 10:51:23.847 +03 [42748] ERROR:  duplicate key value violates unique constraint "control_tower_alerts_open_dedup_idx"
2026-06-04 10:51:23.847 +03 [42748] DETAIL:  Key (workspace_id, alert_key)=(8c8d3225-b586-4fa0-bc21-03027dfa9a5c, operator.overloaded) already exists.
2026-06-04 10:51:23.847 +03 [42748] STATEMENT:  INSERT INTO "public"."control_tower_alerts" ("id","severity","category","alert_key","workspace_id","workspace_type","title","description","created_at") VALUES ($1,$2,$3,$4,$5,$6,$7,$8,$9) RETURNING "public"."control_tower_alerts"."id", "public"."control_tower_alerts"."severity", "public"."control_tower_alerts"."category", "public"."control_tower_alerts"."alert_key", "public"."control_tower_alerts"."workspace_id", "public"."control_tower_alerts"."workspace_type", "public"."control_tower_alerts"."title", "public"."control_tower_alerts"."description", "public"."control_tower_alerts"."resolved_at", "public"."control_tower_alerts"."resolved_by_id", "public"."control_tower_alerts"."created_at"
2026-06-04 10:51:26.695 +03 [43265] ERROR:  duplicate key value violates unique constraint "control_tower_alerts_open_dedup_idx"
2026-06-04 10:51:26.695 +03 [43265] DETAIL:  Key (workspace_id, alert_key)=(8c8d3225-b586-4fa0-bc21-03027dfa9a5c, operator.overloaded) already exists.
2026-06-04 10:51:26.695 +03 [43265] STATEMENT:  INSERT INTO "public"."control_tower_alerts" ("id","severity","category","alert_key","workspace_id","workspace_type","title","description","created_at") VALUES ($1,$2,$3,$4,$5,$6,$7,$8,$9) RETURNING "public"."control_tower_alerts"."id", "public"."control_tower_alerts"."severity", "public"."control_tower_alerts"."category", "public"."control_tower_alerts"."alert_key", "public"."control_tower_alerts"."workspace_id", "public"."control_tower_alerts"."workspace_type", "public"."control_tower_alerts"."title", "public"."control_tower_alerts"."description", "public"."control_tower_alerts"."resolved_at", "public"."control_tower_alerts"."resolved_by_id", "public"."control_tower_alerts"."created_at"
2026-06-04 10:51:31.786 +03 [42747] ERROR:  duplicate key value violates unique constraint "control_tower_alerts_open_dedup_idx"
2026-06-04 10:51:31.786 +03 [42747] DETAIL:  Key (workspace_id, alert_key)=(8c8d3225-b586-4fa0-bc21-03027dfa9a5c, operator.overloaded) already exists.
2026-06-04 10:51:31.786 +03 [42747] STATEMENT:  INSERT INTO "public"."control_tower_alerts" ("id","severity","category","alert_key","workspace_id","workspace_type","title","description","created_at") VALUES ($1,$2,$3,$4,$5,$6,$7,$8,$9) RETURNING "public"."control_tower_alerts"."id", "public"."control_tower_alerts"."severity", "public"."control_tower_alerts"."category", "public"."control_tower_alerts"."alert_key", "public"."control_tower_alerts"."workspace_id", "public"."control_tower_alerts"."workspace_type", "public"."control_tower_alerts"."title", "public"."control_tower_alerts"."description", "public"."control_tower_alerts"."resolved_at", "public"."control_tower_alerts"."resolved_by_id", "public"."control_tower_alerts"."created_at"
2026-06-04 10:51:35.634 +03 [43271] ERROR:  duplicate key value violates unique constraint "control_tower_alerts_open_dedup_idx"
2026-06-04 10:51:35.634 +03 [43271] DETAIL:  Key (workspace_id, alert_key)=(8c8d3225-b586-4fa0-bc21-03027dfa9a5c, operator.overloaded) already exists.
2026-06-04 10:51:35.634 +03 [43271] STATEMENT:  INSERT INTO "public"."control_tower_alerts" ("id","severity","category","alert_key","workspace_id","workspace_type","title","description","created_at") VALUES ($1,$2,$3,$4,$5,$6,$7,$8,$9) RETURNING "public"."control_tower_alerts"."id", "public"."control_tower_alerts"."severity", "public"."control_tower_alerts"."category", "public"."control_tower_alerts"."alert_key", "public"."control_tower_alerts"."workspace_id", "public"."control_tower_alerts"."workspace_type", "public"."control_tower_alerts"."title", "public"."control_tower_alerts"."description", "public"."control_tower_alerts"."resolved_at", "public"."control_tower_alerts"."resolved_by_id", "public"."control_tower_alerts"."created_at"
2026-06-04 10:54:22.352 +03 [4250] LOG:  checkpoint starting: time
2026-06-04 10:56:23.368 +03 [4250] LOG:  checkpoint complete: wrote 1188 buffers (7.3%); 0 WAL file(s) added, 0 removed, 1 recycled; write=121.007 s, sync=0.007 s, total=121.017 s; sync files=219, longest=0.001 s, average=0.001 s; distance=6469 kB, estimate=6469 kB
2026-06-04 11:02:29.932 +03 [47947] ERROR:  duplicate key value violates unique constraint "control_tower_alerts_open_dedup_idx"
2026-06-04 11:02:29.932 +03 [47947] DETAIL:  Key (workspace_id, alert_key)=(8c8d3225-b586-4fa0-bc21-03027dfa9a5c, operator.overloaded) already exists.
2026-06-04 11:02:29.932 +03 [47947] STATEMENT:  INSERT INTO "public"."control_tower_alerts" ("id","severity","category","alert_key","workspace_id","workspace_type","title","description","created_at") VALUES ($1,$2,$3,$4,$5,$6,$7,$8,$9) RETURNING "public"."control_tower_alerts"."id", "public"."control_tower_alerts"."severity", "public"."control_tower_alerts"."category", "public"."control_tower_alerts"."alert_key", "public"."control_tower_alerts"."workspace_id", "public"."control_tower_alerts"."workspace_type", "public"."control_tower_alerts"."title", "public"."control_tower_alerts"."description", "public"."control_tower_alerts"."resolved_at", "public"."control_tower_alerts"."resolved_by_id", "public"."control_tower_alerts"."created_at"
2026-06-04 11:02:33.344 +03 [48001] LOG:  unexpected EOF on client connection with an open transaction
2026-06-04 11:02:33.344 +03 [48002] LOG:  unexpected EOF on client connection with an open transaction
2026-06-04 11:02:33.344 +03 [47995] LOG:  unexpected EOF on client connection with an open transaction
2026-06-04 11:02:33.344 +03 [48003] LOG:  unexpected EOF on client connection with an open transaction
2026-06-04 11:02:33.349 +03 [48006] LOG:  unexpected EOF on client connection with an open transaction
2026-06-04 11:02:33.349 +03 [47996] LOG:  unexpected EOF on client connection with an open transaction
2026-06-04 11:02:33.349 +03 [48005] LOG:  unexpected EOF on client connection with an open transaction
2026-06-04 11:02:33.349 +03 [48004] LOG:  unexpected EOF on client connection with an open transaction
2026-06-04 11:02:33.574 +03 [47992] ERROR:  duplicate key value violates unique constraint "control_tower_alerts_open_dedup_idx"
2026-06-04 11:02:33.574 +03 [47992] DETAIL:  Key (workspace_id, alert_key)=(8c8d3225-b586-4fa0-bc21-03027dfa9a5c, operator.overloaded) already exists.
2026-06-04 11:02:33.574 +03 [47992] STATEMENT:  INSERT INTO "public"."control_tower_alerts" ("id","severity","category","alert_key","workspace_id","workspace_type","title","description","created_at") VALUES ($1,$2,$3,$4,$5,$6,$7,$8,$9) RETURNING "public"."control_tower_alerts"."id", "public"."control_tower_alerts"."severity", "public"."control_tower_alerts"."category", "public"."control_tower_alerts"."alert_key", "public"."control_tower_alerts"."workspace_id", "public"."control_tower_alerts"."workspace_type", "public"."control_tower_alerts"."title", "public"."control_tower_alerts"."description", "public"."control_tower_alerts"."resolved_at", "public"."control_tower_alerts"."resolved_by_id", "public"."control_tower_alerts"."created_at"
2026-06-04 11:03:45.834 +03 [48481] LOG:  unexpected EOF on client connection with an open transaction
2026-06-04 11:03:45.834 +03 [48479] LOG:  unexpected EOF on client connection with an open transaction
2026-06-04 11:03:45.834 +03 [48477] LOG:  unexpected EOF on client connection with an open transaction
2026-06-04 11:03:45.834 +03 [48483] LOG:  unexpected EOF on client connection with an open transaction
2026-06-04 11:03:46.074 +03 [48482] ERROR:  duplicate key value violates unique constraint "control_tower_alerts_open_dedup_idx"
2026-06-04 11:03:46.074 +03 [48482] DETAIL:  Key (workspace_id, alert_key)=(8c8d3225-b586-4fa0-bc21-03027dfa9a5c, operator.overloaded) already exists.
2026-06-04 11:03:46.074 +03 [48482] STATEMENT:  INSERT INTO "public"."control_tower_alerts" ("id","severity","category","alert_key","workspace_id","workspace_type","title","description","created_at") VALUES ($1,$2,$3,$4,$5,$6,$7,$8,$9) RETURNING "public"."control_tower_alerts"."id", "public"."control_tower_alerts"."severity", "public"."control_tower_alerts"."category", "public"."control_tower_alerts"."alert_key", "public"."control_tower_alerts"."workspace_id", "public"."control_tower_alerts"."workspace_type", "public"."control_tower_alerts"."title", "public"."control_tower_alerts"."description", "public"."control_tower_alerts"."resolved_at", "public"."control_tower_alerts"."resolved_by_id", "public"."control_tower_alerts"."created_at"
2026-06-04 11:03:46.480 +03 [48478] LOG:  unexpected EOF on client connection with an open transaction
2026-06-04 11:03:46.856 +03 [48518] LOG:  unexpected EOF on client connection with an open transaction
2026-06-04 11:03:46.856 +03 [48517] LOG:  unexpected EOF on client connection with an open transaction
2026-06-04 11:03:46.856 +03 [48516] LOG:  unexpected EOF on client connection with an open transaction
2026-06-04 11:03:46.951 +03 [48515] LOG:  unexpected EOF on client connection with an open transaction
2026-06-04 11:03:46.951 +03 [48514] LOG:  unexpected EOF on client connection with an open transaction
2026-06-04 11:03:46.951 +03 [48512] LOG:  unexpected EOF on client connection with an open transaction
2026-06-04 11:03:46.951 +03 [48513] LOG:  unexpected EOF on client connection with an open transaction
2026-06-04 11:03:46.991 +03 [48502] ERROR:  duplicate key value violates unique constraint "control_tower_alerts_open_dedup_idx"
2026-06-04 11:03:46.991 +03 [48502] DETAIL:  Key (workspace_id, alert_key)=(8c8d3225-b586-4fa0-bc21-03027dfa9a5c, operator.overloaded) already exists.
2026-06-04 11:03:46.991 +03 [48502] STATEMENT:  INSERT INTO "public"."control_tower_alerts" ("id","severity","category","alert_key","workspace_id","workspace_type","title","description","created_at") VALUES ($1,$2,$3,$4,$5,$6,$7,$8,$9) RETURNING "public"."control_tower_alerts"."id", "public"."control_tower_alerts"."severity", "public"."control_tower_alerts"."category", "public"."control_tower_alerts"."alert_key", "public"."control_tower_alerts"."workspace_id", "public"."control_tower_alerts"."workspace_type", "public"."control_tower_alerts"."title", "public"."control_tower_alerts"."description", "public"."control_tower_alerts"."resolved_at", "public"."control_tower_alerts"."resolved_by_id", "public"."control_tower_alerts"."created_at"
2026-06-04 11:03:47.137 +03 [48503] LOG:  unexpected EOF on client connection with an open transaction
2026-06-04 11:03:47.496 +03 [48534] LOG:  unexpected EOF on client connection with an open transaction
2026-06-04 11:03:47.496 +03 [48532] LOG:  unexpected EOF on client connection with an open transaction
2026-06-04 11:03:47.496 +03 [48533] LOG:  unexpected EOF on client connection with an open transaction
2026-06-04 11:03:47.496 +03 [48528] LOG:  unexpected EOF on client connection with an open transaction
2026-06-04 11:03:47.505 +03 [48537] LOG:  unexpected EOF on client connection with an open transaction
2026-06-04 11:03:47.505 +03 [48539] LOG:  unexpected EOF on client connection with an open transaction
2026-06-04 11:03:47.505 +03 [48538] LOG:  unexpected EOF on client connection with an open transaction
2026-06-04 11:03:47.505 +03 [48540] LOG:  unexpected EOF on client connection with an open transaction
2026-06-04 11:03:47.650 +03 [48535] ERROR:  duplicate key value violates unique constraint "control_tower_alerts_open_dedup_idx"
2026-06-04 11:03:47.650 +03 [48535] DETAIL:  Key (workspace_id, alert_key)=(8c8d3225-b586-4fa0-bc21-03027dfa9a5c, operator.overloaded) already exists.
2026-06-04 11:03:47.650 +03 [48535] STATEMENT:  INSERT INTO "public"."control_tower_alerts" ("id","severity","category","alert_key","workspace_id","workspace_type","title","description","created_at") VALUES ($1,$2,$3,$4,$5,$6,$7,$8,$9) RETURNING "public"."control_tower_alerts"."id", "public"."control_tower_alerts"."severity", "public"."control_tower_alerts"."category", "public"."control_tower_alerts"."alert_key", "public"."control_tower_alerts"."workspace_id", "public"."control_tower_alerts"."workspace_type", "public"."control_tower_alerts"."title", "public"."control_tower_alerts"."description", "public"."control_tower_alerts"."resolved_at", "public"."control_tower_alerts"."resolved_by_id", "public"."control_tower_alerts"."created_at"
2026-06-04 11:03:47.884 +03 [48530] LOG:  unexpected EOF on client connection with an open transaction
2026-06-04 11:03:48.204 +03 [48558] LOG:  unexpected EOF on client connection with an open transaction
2026-06-04 11:03:48.204 +03 [48559] LOG:  unexpected EOF on client connection with an open transaction
2026-06-04 11:03:48.204 +03 [48556] LOG:  unexpected EOF on client connection with an open transaction
2026-06-04 11:03:48.204 +03 [48557] LOG:  unexpected EOF on client connection with an open transaction
2026-06-04 11:03:48.241 +03 [48562] LOG:  unexpected EOF on client connection with an open transaction
2026-06-04 11:03:48.241 +03 [48560] LOG:  unexpected EOF on client connection with an open transaction
2026-06-04 11:03:48.241 +03 [48561] LOG:  unexpected EOF on client connection with an open transaction
2026-06-04 11:03:48.440 +03 [48554] ERROR:  duplicate key value violates unique constraint "control_tower_alerts_open_dedup_idx"
2026-06-04 11:03:48.440 +03 [48554] DETAIL:  Key (workspace_id, alert_key)=(8c8d3225-b586-4fa0-bc21-03027dfa9a5c, operator.overloaded) already exists.
2026-06-04 11:03:48.440 +03 [48554] STATEMENT:  INSERT INTO "public"."control_tower_alerts" ("id","severity","category","alert_key","workspace_id","workspace_type","title","description","created_at") VALUES ($1,$2,$3,$4,$5,$6,$7,$8,$9) RETURNING "public"."control_tower_alerts"."id", "public"."control_tower_alerts"."severity", "public"."control_tower_alerts"."category", "public"."control_tower_alerts"."alert_key", "public"."control_tower_alerts"."workspace_id", "public"."control_tower_alerts"."workspace_type", "public"."control_tower_alerts"."title", "public"."control_tower_alerts"."description", "public"."control_tower_alerts"."resolved_at", "public"."control_tower_alerts"."resolved_by_id", "public"."control_tower_alerts"."created_at"
2026-06-04 11:03:49.145 +03 [48584] LOG:  unexpected EOF on client connection with an open transaction
2026-06-04 11:03:49.145 +03 [48583] LOG:  unexpected EOF on client connection with an open transaction
2026-06-04 11:03:49.145 +03 [48582] LOG:  unexpected EOF on client connection with an open transaction
2026-06-04 11:03:49.145 +03 [48578] LOG:  unexpected EOF on client connection with an open transaction
2026-06-04 11:03:49.253 +03 [48590] LOG:  unexpected EOF on client connection with an open transaction
2026-06-04 11:03:49.253 +03 [48591] LOG:  unexpected EOF on client connection with an open transaction
2026-06-04 11:03:49.253 +03 [48592] LOG:  unexpected EOF on client connection with an open transaction
2026-06-04 11:03:49.412 +03 [48577] ERROR:  duplicate key value violates unique constraint "control_tower_alerts_open_dedup_idx"
2026-06-04 11:03:49.412 +03 [48577] DETAIL:  Key (workspace_id, alert_key)=(8c8d3225-b586-4fa0-bc21-03027dfa9a5c, operator.overloaded) already exists.
2026-06-04 11:03:49.412 +03 [48577] STATEMENT:  INSERT INTO "public"."control_tower_alerts" ("id","severity","category","alert_key","workspace_id","workspace_type","title","description","created_at") VALUES ($1,$2,$3,$4,$5,$6,$7,$8,$9) RETURNING "public"."control_tower_alerts"."id", "public"."control_tower_alerts"."severity", "public"."control_tower_alerts"."category", "public"."control_tower_alerts"."alert_key", "public"."control_tower_alerts"."workspace_id", "public"."control_tower_alerts"."workspace_type", "public"."control_tower_alerts"."title", "public"."control_tower_alerts"."description", "public"."control_tower_alerts"."resolved_at", "public"."control_tower_alerts"."resolved_by_id", "public"."control_tower_alerts"."created_at"
2026-06-04 11:03:50.372 +03 [48612] LOG:  unexpected EOF on client connection with an open transaction
2026-06-04 11:03:50.372 +03 [48607] LOG:  unexpected EOF on client connection with an open transaction
2026-06-04 11:03:50.372 +03 [48613] LOG:  unexpected EOF on client connection with an open transaction
2026-06-04 11:03:50.372 +03 [48611] LOG:  unexpected EOF on client connection with an open transaction
2026-06-04 11:03:50.506 +03 [48609] LOG:  unexpected EOF on client connection with an open transaction
2026-06-04 11:03:50.885 +03 [48630] LOG:  could not receive data from client: Connection reset by peer
2026-06-04 11:03:50.885 +03 [48625] LOG:  unexpected EOF on client connection with an open transaction
2026-06-04 11:03:50.885 +03 [48628] LOG:  unexpected EOF on client connection with an open transaction
2026-06-04 11:03:50.885 +03 [48629] LOG:  could not receive data from client: Connection reset by peer
2026-06-04 11:03:50.887 +03 [48629] LOG:  unexpected EOF on client connection with an open transaction
2026-06-04 11:03:51.052 +03 [48634] LOG:  unexpected EOF on client connection with an open transaction
2026-06-04 11:03:52.671 +03 [48662] LOG:  unexpected EOF on client connection with an open transaction
2026-06-04 11:03:52.671 +03 [48664] LOG:  unexpected EOF on client connection with an open transaction
2026-06-04 11:03:52.671 +03 [48658] LOG:  unexpected EOF on client connection with an open transaction
2026-06-04 11:03:52.793 +03 [48661] LOG:  unexpected EOF on client connection with an open transaction
2026-06-04 11:03:52.793 +03 [48659] LOG:  unexpected EOF on client connection with an open transaction
2026-06-04 11:03:52.793 +03 [48657] LOG:  unexpected EOF on client connection with an open transaction
2026-06-04 11:03:52.793 +03 [48660] LOG:  unexpected EOF on client connection with an open transaction
2026-06-04 11:03:53.432 +03 [48687] LOG:  unexpected EOF on client connection with an open transaction
2026-06-04 11:03:53.432 +03 [48685] LOG:  unexpected EOF on client connection with an open transaction
2026-06-04 11:03:53.558 +03 [48683] LOG:  unexpected EOF on client connection with an open transaction
2026-06-04 11:03:53.558 +03 [48684] LOG:  unexpected EOF on client connection with an open transaction
2026-06-04 11:03:53.558 +03 [48679] LOG:  unexpected EOF on client connection with an open transaction
2026-06-04 11:03:53.558 +03 [48682] LOG:  unexpected EOF on client connection with an open transaction
2026-06-04 11:03:53.570 +03 [48689] LOG:  unexpected EOF on client connection with an open transaction
2026-06-04 11:03:53.570 +03 [48688] LOG:  unexpected EOF on client connection with an open transaction
2026-06-04 11:03:53.570 +03 [48690] LOG:  unexpected EOF on client connection with an open transaction
2026-06-04 11:03:53.570 +03 [48681] LOG:  unexpected EOF on client connection with an open transaction
2026-06-04 11:03:53.806 +03 [48700] LOG:  unexpected EOF on client connection with an open transaction
2026-06-04 11:03:53.920 +03 [48704] LOG:  unexpected EOF on client connection with an open transaction
2026-06-04 11:03:53.920 +03 [48702] LOG:  unexpected EOF on client connection with an open transaction
2026-06-04 11:03:53.925 +03 [48707] LOG:  could not receive data from client: Connection reset by peer
2026-06-04 11:03:53.925 +03 [48706] LOG:  could not receive data from client: Connection reset by peer
2026-06-04 11:03:53.926 +03 [48705] LOG:  unexpected EOF on client connection with an open transaction
2026-06-04 11:03:57.393 +03 [48747] LOG:  unexpected EOF on client connection with an open transaction
2026-06-04 11:03:57.393 +03 [48746] LOG:  unexpected EOF on client connection with an open transaction
2026-06-04 11:03:57.393 +03 [48745] LOG:  unexpected EOF on client connection with an open transaction
2026-06-04 11:03:57.393 +03 [48741] LOG:  unexpected EOF on client connection with an open transaction
2026-06-04 11:03:57.417 +03 [48750] LOG:  unexpected EOF on client connection with an open transaction
2026-06-04 11:03:57.417 +03 [48751] LOG:  unexpected EOF on client connection with an open transaction
2026-06-04 11:04:22.372 +03 [4250] LOG:  checkpoint starting: time
2026-06-04 11:04:31.714 +03 [49020] ERROR:  duplicate key value violates unique constraint "control_tower_alerts_open_dedup_idx"
2026-06-04 11:04:31.714 +03 [49020] DETAIL:  Key (workspace_id, alert_key)=(8c8d3225-b586-4fa0-bc21-03027dfa9a5c, operator.overloaded) already exists.
2026-06-04 11:04:31.714 +03 [49020] STATEMENT:  INSERT INTO "public"."control_tower_alerts" ("id","severity","category","alert_key","workspace_id","workspace_type","title","description","created_at") VALUES ($1,$2,$3,$4,$5,$6,$7,$8,$9) RETURNING "public"."control_tower_alerts"."id", "public"."control_tower_alerts"."severity", "public"."control_tower_alerts"."category", "public"."control_tower_alerts"."alert_key", "public"."control_tower_alerts"."workspace_id", "public"."control_tower_alerts"."workspace_type", "public"."control_tower_alerts"."title", "public"."control_tower_alerts"."description", "public"."control_tower_alerts"."resolved_at", "public"."control_tower_alerts"."resolved_by_id", "public"."control_tower_alerts"."created_at"
2026-06-04 11:04:31.792 +03 [49017] LOG:  unexpected EOF on client connection with an open transaction
2026-06-04 11:04:31.792 +03 [49015] LOG:  unexpected EOF on client connection with an open transaction
2026-06-04 11:04:31.792 +03 [49018] LOG:  unexpected EOF on client connection with an open transaction
2026-06-04 11:04:31.792 +03 [49012] LOG:  unexpected EOF on client connection with an open transaction
2026-06-04 11:04:31.794 +03 [49022] LOG:  unexpected EOF on client connection with an open transaction
2026-06-04 11:04:31.794 +03 [49023] LOG:  unexpected EOF on client connection with an open transaction
2026-06-04 11:04:31.794 +03 [49021] LOG:  unexpected EOF on client connection with an open transaction
2026-06-04 11:04:31.794 +03 [49013] LOG:  unexpected EOF on client connection with an open transaction
2026-06-04 11:04:39.151 +03 [49016] ERROR:  duplicate key value violates unique constraint "control_tower_alerts_open_dedup_idx"
2026-06-04 11:04:39.151 +03 [49016] DETAIL:  Key (workspace_id, alert_key)=(8c8d3225-b586-4fa0-bc21-03027dfa9a5c, operator.overloaded) already exists.
2026-06-04 11:04:39.151 +03 [49016] STATEMENT:  INSERT INTO "public"."control_tower_alerts" ("id","severity","category","alert_key","workspace_id","workspace_type","title","description","created_at") VALUES ($1,$2,$3,$4,$5,$6,$7,$8,$9) RETURNING "public"."control_tower_alerts"."id", "public"."control_tower_alerts"."severity", "public"."control_tower_alerts"."category", "public"."control_tower_alerts"."alert_key", "public"."control_tower_alerts"."workspace_id", "public"."control_tower_alerts"."workspace_type", "public"."control_tower_alerts"."title", "public"."control_tower_alerts"."description", "public"."control_tower_alerts"."resolved_at", "public"."control_tower_alerts"."resolved_by_id", "public"."control_tower_alerts"."created_at"
2026-06-04 11:04:53.448 +03 [4250] LOG:  checkpoint complete: wrote 307 buffers (1.9%); 0 WAL file(s) added, 0 removed, 0 recycled; write=31.071 s, sync=0.002 s, total=31.077 s; sync files=61, longest=0.001 s, average=0.001 s; distance=1894 kB, estimate=6012 kB
2026-06-04 11:05:31.959 +03 [49568] LOG:  unexpected EOF on client connection with an open transaction
2026-06-04 11:05:31.959 +03 [49567] LOG:  unexpected EOF on client connection with an open transaction
2026-06-04 11:05:31.959 +03 [49564] LOG:  unexpected EOF on client connection with an open transaction
2026-06-04 11:05:32.233 +03 [49580] ERROR:  duplicate key value violates unique constraint "control_tower_alerts_open_dedup_idx"
2026-06-04 11:05:32.233 +03 [49580] DETAIL:  Key (workspace_id, alert_key)=(8c8d3225-b586-4fa0-bc21-03027dfa9a5c, operator.overloaded) already exists.
2026-06-04 11:05:32.233 +03 [49580] STATEMENT:  INSERT INTO "public"."control_tower_alerts" ("id","severity","category","alert_key","workspace_id","workspace_type","title","description","created_at") VALUES ($1,$2,$3,$4,$5,$6,$7,$8,$9) RETURNING "public"."control_tower_alerts"."id", "public"."control_tower_alerts"."severity", "public"."control_tower_alerts"."category", "public"."control_tower_alerts"."alert_key", "public"."control_tower_alerts"."workspace_id", "public"."control_tower_alerts"."workspace_type", "public"."control_tower_alerts"."title", "public"."control_tower_alerts"."description", "public"."control_tower_alerts"."resolved_at", "public"."control_tower_alerts"."resolved_by_id", "public"."control_tower_alerts"."created_at"
2026-06-04 11:05:32.615 +03 [49566] LOG:  unexpected EOF on client connection with an open transaction
2026-06-04 11:05:32.764 +03 [49590] LOG:  unexpected EOF on client connection with an open transaction
2026-06-04 11:05:32.764 +03 [49589] LOG:  unexpected EOF on client connection with an open transaction
2026-06-04 11:05:32.818 +03 [49594] LOG:  unexpected EOF on client connection with an open transaction
2026-06-04 11:05:32.818 +03 [49593] LOG:  unexpected EOF on client connection with an open transaction
2026-06-04 11:05:32.818 +03 [49592] LOG:  unexpected EOF on client connection with an open transaction
2026-06-04 11:05:32.818 +03 [49588] LOG:  unexpected EOF on client connection with an open transaction
2026-06-04 11:05:33.117 +03 [49621] LOG:  unexpected EOF on client connection with an open transaction
2026-06-04 11:05:33.117 +03 [49620] LOG:  unexpected EOF on client connection with an open transaction
2026-06-04 11:05:33.117 +03 [49612] LOG:  unexpected EOF on client connection with an open transaction
2026-06-04 11:05:33.117 +03 [49619] LOG:  unexpected EOF on client connection with an open transaction
2026-06-04 11:05:33.167 +03 [49615] LOG:  unexpected EOF on client connection with an open transaction
2026-06-04 11:05:33.167 +03 [49614] LOG:  unexpected EOF on client connection with an open transaction
2026-06-04 11:05:33.634 +03 [49641] LOG:  unexpected EOF on client connection with an open transaction
2026-06-04 11:05:33.634 +03 [49640] LOG:  unexpected EOF on client connection with an open transaction
2026-06-04 11:05:33.634 +03 [49639] LOG:  unexpected EOF on client connection with an open transaction
2026-06-04 11:05:33.635 +03 [49635] LOG:  unexpected EOF on client connection with an open transaction
2026-06-04 11:05:33.742 +03 [49632] LOG:  unexpected EOF on client connection with an open transaction
2026-06-04 11:05:33.801 +03 [49649] LOG:  unexpected EOF on client connection with an open transaction
2026-06-04 11:05:33.801 +03 [49648] LOG:  unexpected EOF on client connection with an open transaction
2026-06-04 11:05:33.801 +03 [49650] LOG:  unexpected EOF on client connection with an open transaction
2026-06-04 11:05:33.801 +03 [49647] LOG:  unexpected EOF on client connection with an open transaction
2026-06-04 11:05:34.086 +03 [49669] LOG:  could not receive data from client: Connection reset by peer
2026-06-04 11:05:34.086 +03 [49667] LOG:  could not receive data from client: Connection reset by peer
2026-06-04 11:05:34.087 +03 [49667] LOG:  unexpected EOF on client connection with an open transaction
2026-06-04 11:05:34.087 +03 [49665] LOG:  unexpected EOF on client connection with an open transaction
2026-06-04 11:05:34.138 +03 [49673] LOG:  could not receive data from client: Connection reset by peer
2026-06-04 11:05:34.138 +03 [49671] LOG:  could not receive data from client: Connection reset by peer
2026-06-04 11:05:34.138 +03 [49670] LOG:  unexpected EOF on client connection with an open transaction
2026-06-04 11:05:34.334 +03 [49666] ERROR:  duplicate key value violates unique constraint "control_tower_alerts_open_dedup_idx"
2026-06-04 11:05:34.334 +03 [49666] DETAIL:  Key (workspace_id, alert_key)=(8c8d3225-b586-4fa0-bc21-03027dfa9a5c, operator.overloaded) already exists.
2026-06-04 11:05:34.334 +03 [49666] STATEMENT:  INSERT INTO "public"."control_tower_alerts" ("id","severity","category","alert_key","workspace_id","workspace_type","title","description","created_at") VALUES ($1,$2,$3,$4,$5,$6,$7,$8,$9) RETURNING "public"."control_tower_alerts"."id", "public"."control_tower_alerts"."severity", "public"."control_tower_alerts"."category", "public"."control_tower_alerts"."alert_key", "public"."control_tower_alerts"."workspace_id", "public"."control_tower_alerts"."workspace_type", "public"."control_tower_alerts"."title", "public"."control_tower_alerts"."description", "public"."control_tower_alerts"."resolved_at", "public"."control_tower_alerts"."resolved_by_id", "public"."control_tower_alerts"."created_at"
2026-06-04 11:05:41.549 +03 [49660] ERROR:  duplicate key value violates unique constraint "control_tower_alerts_open_dedup_idx"
2026-06-04 11:05:41.549 +03 [49660] DETAIL:  Key (workspace_id, alert_key)=(8c8d3225-b586-4fa0-bc21-03027dfa9a5c, operator.overloaded) already exists.
2026-06-04 11:05:41.549 +03 [49660] STATEMENT:  INSERT INTO "public"."control_tower_alerts" ("id","severity","category","alert_key","workspace_id","workspace_type","title","description","created_at") VALUES ($1,$2,$3,$4,$5,$6,$7,$8,$9) RETURNING "public"."control_tower_alerts"."id", "public"."control_tower_alerts"."severity", "public"."control_tower_alerts"."category", "public"."control_tower_alerts"."alert_key", "public"."control_tower_alerts"."workspace_id", "public"."control_tower_alerts"."workspace_type", "public"."control_tower_alerts"."title", "public"."control_tower_alerts"."description", "public"."control_tower_alerts"."resolved_at", "public"."control_tower_alerts"."resolved_by_id", "public"."control_tower_alerts"."created_at"
2026-06-04 11:05:57.120 +03 [49853] LOG:  unexpected EOF on client connection with an open transaction
2026-06-04 11:05:57.120 +03 [49855] LOG:  unexpected EOF on client connection with an open transaction
2026-06-04 11:05:57.120 +03 [49852] LOG:  unexpected EOF on client connection with an open transaction
2026-06-04 11:05:57.120 +03 [49848] LOG:  unexpected EOF on client connection with an open transaction
2026-06-04 11:05:57.362 +03 [49850] ERROR:  duplicate key value violates unique constraint "control_tower_alerts_open_dedup_idx"
2026-06-04 11:05:57.362 +03 [49850] DETAIL:  Key (workspace_id, alert_key)=(8c8d3225-b586-4fa0-bc21-03027dfa9a5c, operator.overloaded) already exists.
2026-06-04 11:05:57.362 +03 [49850] STATEMENT:  INSERT INTO "public"."control_tower_alerts" ("id","severity","category","alert_key","workspace_id","workspace_type","title","description","created_at") VALUES ($1,$2,$3,$4,$5,$6,$7,$8,$9) RETURNING "public"."control_tower_alerts"."id", "public"."control_tower_alerts"."severity", "public"."control_tower_alerts"."category", "public"."control_tower_alerts"."alert_key", "public"."control_tower_alerts"."workspace_id", "public"."control_tower_alerts"."workspace_type", "public"."control_tower_alerts"."title", "public"."control_tower_alerts"."description", "public"."control_tower_alerts"."resolved_at", "public"."control_tower_alerts"."resolved_by_id", "public"."control_tower_alerts"."created_at"
2026-06-04 11:05:57.775 +03 [49881] LOG:  could not receive data from client: Connection reset by peer
2026-06-04 11:05:57.775 +03 [49880] LOG:  unexpected EOF on client connection with an open transaction
2026-06-04 11:06:10.058 +03 [49999] LOG:  unexpected EOF on client connection with an open transaction
2026-06-04 11:06:10.058 +03 [49998] LOG:  unexpected EOF on client connection with an open transaction
2026-06-04 11:06:10.118 +03 [50002] LOG:  unexpected EOF on client connection with an open transaction
2026-06-04 11:06:10.118 +03 [50000] LOG:  unexpected EOF on client connection with an open transaction
2026-06-04 11:06:10.118 +03 [50001] LOG:  unexpected EOF on client connection with an open transaction
2026-06-04 11:06:10.118 +03 [49996] LOG:  unexpected EOF on client connection with an open transaction
2026-06-04 11:06:10.509 +03 [50023] LOG:  unexpected EOF on client connection with an open transaction
2026-06-04 11:06:10.509 +03 [50021] LOG:  unexpected EOF on client connection with an open transaction
2026-06-04 11:06:10.509 +03 [50022] LOG:  unexpected EOF on client connection with an open transaction
2026-06-04 11:06:10.509 +03 [50020] LOG:  unexpected EOF on client connection with an open transaction
2026-06-04 11:06:10.595 +03 [50026] LOG:  unexpected EOF on client connection with an open transaction
2026-06-04 11:06:10.595 +03 [50027] LOG:  unexpected EOF on client connection with an open transaction
2026-06-04 11:06:10.595 +03 [50024] LOG:  unexpected EOF on client connection with an open transaction
2026-06-04 11:06:10.595 +03 [50025] LOG:  unexpected EOF on client connection with an open transaction
2026-06-04 11:06:10.666 +03 [50015] ERROR:  duplicate key value violates unique constraint "control_tower_alerts_open_dedup_idx"
2026-06-04 11:06:10.666 +03 [50015] DETAIL:  Key (workspace_id, alert_key)=(8c8d3225-b586-4fa0-bc21-03027dfa9a5c, operator.overloaded) already exists.
2026-06-04 11:06:10.666 +03 [50015] STATEMENT:  INSERT INTO "public"."control_tower_alerts" ("id","severity","category","alert_key","workspace_id","workspace_type","title","description","created_at") VALUES ($1,$2,$3,$4,$5,$6,$7,$8,$9) RETURNING "public"."control_tower_alerts"."id", "public"."control_tower_alerts"."severity", "public"."control_tower_alerts"."category", "public"."control_tower_alerts"."alert_key", "public"."control_tower_alerts"."workspace_id", "public"."control_tower_alerts"."workspace_type", "public"."control_tower_alerts"."title", "public"."control_tower_alerts"."description", "public"."control_tower_alerts"."resolved_at", "public"."control_tower_alerts"."resolved_by_id", "public"."control_tower_alerts"."created_at"
2026-06-04 11:06:11.467 +03 [50045] LOG:  unexpected EOF on client connection with an open transaction
2026-06-04 11:06:11.467 +03 [50043] LOG:  unexpected EOF on client connection with an open transaction
2026-06-04 11:06:11.467 +03 [50044] LOG:  unexpected EOF on client connection with an open transaction
2026-06-04 11:06:11.467 +03 [50039] LOG:  unexpected EOF on client connection with an open transaction
2026-06-04 11:06:11.611 +03 [50053] LOG:  unexpected EOF on client connection with an open transaction
2026-06-04 11:06:11.611 +03 [50052] LOG:  unexpected EOF on client connection with an open transaction
2026-06-04 11:06:11.611 +03 [50050] LOG:  unexpected EOF on client connection with an open transaction
2026-06-04 11:06:11.611 +03 [50051] LOG:  unexpected EOF on client connection with an open transaction
2026-06-04 11:06:11.626 +03 [50040] ERROR:  duplicate key value violates unique constraint "control_tower_alerts_open_dedup_idx"
2026-06-04 11:06:11.626 +03 [50040] DETAIL:  Key (workspace_id, alert_key)=(8c8d3225-b586-4fa0-bc21-03027dfa9a5c, operator.overloaded) already exists.
2026-06-04 11:06:11.626 +03 [50040] STATEMENT:  INSERT INTO "public"."control_tower_alerts" ("id","severity","category","alert_key","workspace_id","workspace_type","title","description","created_at") VALUES ($1,$2,$3,$4,$5,$6,$7,$8,$9) RETURNING "public"."control_tower_alerts"."id", "public"."control_tower_alerts"."severity", "public"."control_tower_alerts"."category", "public"."control_tower_alerts"."alert_key", "public"."control_tower_alerts"."workspace_id", "public"."control_tower_alerts"."workspace_type", "public"."control_tower_alerts"."title", "public"."control_tower_alerts"."description", "public"."control_tower_alerts"."resolved_at", "public"."control_tower_alerts"."resolved_by_id", "public"."control_tower_alerts"."created_at"
2026-06-04 11:06:20.361 +03 [50042] ERROR:  duplicate key value violates unique constraint "control_tower_alerts_open_dedup_idx"
2026-06-04 11:06:20.361 +03 [50042] DETAIL:  Key (workspace_id, alert_key)=(8c8d3225-b586-4fa0-bc21-03027dfa9a5c, operator.overloaded) already exists.
2026-06-04 11:06:20.361 +03 [50042] STATEMENT:  INSERT INTO "public"."control_tower_alerts" ("id","severity","category","alert_key","workspace_id","workspace_type","title","description","created_at") VALUES ($1,$2,$3,$4,$5,$6,$7,$8,$9) RETURNING "public"."control_tower_alerts"."id", "public"."control_tower_alerts"."severity", "public"."control_tower_alerts"."category", "public"."control_tower_alerts"."alert_key", "public"."control_tower_alerts"."workspace_id", "public"."control_tower_alerts"."workspace_type", "public"."control_tower_alerts"."title", "public"."control_tower_alerts"."description", "public"."control_tower_alerts"."resolved_at", "public"."control_tower_alerts"."resolved_by_id", "public"."control_tower_alerts"."created_at"
2026-06-04 11:06:37.501 +03 [50041] ERROR:  duplicate key value violates unique constraint "control_tower_alerts_open_dedup_idx"
2026-06-04 11:06:37.501 +03 [50041] DETAIL:  Key (workspace_id, alert_key)=(8c8d3225-b586-4fa0-bc21-03027dfa9a5c, operator.overloaded) already exists.
2026-06-04 11:06:37.501 +03 [50041] STATEMENT:  INSERT INTO "public"."control_tower_alerts" ("id","severity","category","alert_key","workspace_id","workspace_type","title","description","created_at") VALUES ($1,$2,$3,$4,$5,$6,$7,$8,$9) RETURNING "public"."control_tower_alerts"."id", "public"."control_tower_alerts"."severity", "public"."control_tower_alerts"."category", "public"."control_tower_alerts"."alert_key", "public"."control_tower_alerts"."workspace_id", "public"."control_tower_alerts"."workspace_type", "public"."control_tower_alerts"."title", "public"."control_tower_alerts"."description", "public"."control_tower_alerts"."resolved_at", "public"."control_tower_alerts"."resolved_by_id", "public"."control_tower_alerts"."created_at"
2026-06-04 11:06:39.430 +03 [50040] ERROR:  duplicate key value violates unique constraint "control_tower_alerts_open_dedup_idx"
2026-06-04 11:06:39.430 +03 [50040] DETAIL:  Key (workspace_id, alert_key)=(8c8d3225-b586-4fa0-bc21-03027dfa9a5c, operator.overloaded) already exists.
2026-06-04 11:06:39.430 +03 [50040] STATEMENT:  INSERT INTO "public"."control_tower_alerts" ("id","severity","category","alert_key","workspace_id","workspace_type","title","description","created_at") VALUES ($1,$2,$3,$4,$5,$6,$7,$8,$9) RETURNING "public"."control_tower_alerts"."id", "public"."control_tower_alerts"."severity", "public"."control_tower_alerts"."category", "public"."control_tower_alerts"."alert_key", "public"."control_tower_alerts"."workspace_id", "public"."control_tower_alerts"."workspace_type", "public"."control_tower_alerts"."title", "public"."control_tower_alerts"."description", "public"."control_tower_alerts"."resolved_at", "public"."control_tower_alerts"."resolved_by_id", "public"."control_tower_alerts"."created_at"
2026-06-04 11:06:42.272 +03 [50048] ERROR:  duplicate key value violates unique constraint "control_tower_alerts_open_dedup_idx"
2026-06-04 11:06:42.272 +03 [50048] DETAIL:  Key (workspace_id, alert_key)=(8c8d3225-b586-4fa0-bc21-03027dfa9a5c, operator.overloaded) already exists.
2026-06-04 11:06:42.272 +03 [50048] STATEMENT:  INSERT INTO "public"."control_tower_alerts" ("id","severity","category","alert_key","workspace_id","workspace_type","title","description","created_at") VALUES ($1,$2,$3,$4,$5,$6,$7,$8,$9) RETURNING "public"."control_tower_alerts"."id", "public"."control_tower_alerts"."severity", "public"."control_tower_alerts"."category", "public"."control_tower_alerts"."alert_key", "public"."control_tower_alerts"."workspace_id", "public"."control_tower_alerts"."workspace_type", "public"."control_tower_alerts"."title", "public"."control_tower_alerts"."description", "public"."control_tower_alerts"."resolved_at", "public"."control_tower_alerts"."resolved_by_id", "public"."control_tower_alerts"."created_at"
2026-06-04 11:06:46.751 +03 [50041] ERROR:  duplicate key value violates unique constraint "control_tower_alerts_open_dedup_idx"
2026-06-04 11:06:46.751 +03 [50041] DETAIL:  Key (workspace_id, alert_key)=(8c8d3225-b586-4fa0-bc21-03027dfa9a5c, operator.overloaded) already exists.
2026-06-04 11:06:46.751 +03 [50041] STATEMENT:  INSERT INTO "public"."control_tower_alerts" ("id","severity","category","alert_key","workspace_id","workspace_type","title","description","created_at") VALUES ($1,$2,$3,$4,$5,$6,$7,$8,$9) RETURNING "public"."control_tower_alerts"."id", "public"."control_tower_alerts"."severity", "public"."control_tower_alerts"."category", "public"."control_tower_alerts"."alert_key", "public"."control_tower_alerts"."workspace_id", "public"."control_tower_alerts"."workspace_type", "public"."control_tower_alerts"."title", "public"."control_tower_alerts"."description", "public"."control_tower_alerts"."resolved_at", "public"."control_tower_alerts"."resolved_by_id", "public"."control_tower_alerts"."created_at"
2026-06-04 11:06:47.309 +03 [50048] ERROR:  duplicate key value violates unique constraint "control_tower_alerts_open_dedup_idx"
2026-06-04 11:06:47.309 +03 [50048] DETAIL:  Key (workspace_id, alert_key)=(8c8d3225-b586-4fa0-bc21-03027dfa9a5c, operator.overloaded) already exists.
2026-06-04 11:06:47.309 +03 [50048] STATEMENT:  INSERT INTO "public"."control_tower_alerts" ("id","severity","category","alert_key","workspace_id","workspace_type","title","description","created_at") VALUES ($1,$2,$3,$4,$5,$6,$7,$8,$9) RETURNING "public"."control_tower_alerts"."id", "public"."control_tower_alerts"."severity", "public"."control_tower_alerts"."category", "public"."control_tower_alerts"."alert_key", "public"."control_tower_alerts"."workspace_id", "public"."control_tower_alerts"."workspace_type", "public"."control_tower_alerts"."title", "public"."control_tower_alerts"."description", "public"."control_tower_alerts"."resolved_at", "public"."control_tower_alerts"."resolved_by_id", "public"."control_tower_alerts"."created_at"
2026-06-04 11:06:48.773 +03 [50040] ERROR:  duplicate key value violates unique constraint "control_tower_alerts_open_dedup_idx"
2026-06-04 11:06:48.773 +03 [50040] DETAIL:  Key (workspace_id, alert_key)=(8c8d3225-b586-4fa0-bc21-03027dfa9a5c, operator.overloaded) already exists.
2026-06-04 11:06:48.773 +03 [50040] STATEMENT:  INSERT INTO "public"."control_tower_alerts" ("id","severity","category","alert_key","workspace_id","workspace_type","title","description","created_at") VALUES ($1,$2,$3,$4,$5,$6,$7,$8,$9) RETURNING "public"."control_tower_alerts"."id", "public"."control_tower_alerts"."severity", "public"."control_tower_alerts"."category", "public"."control_tower_alerts"."alert_key", "public"."control_tower_alerts"."workspace_id", "public"."control_tower_alerts"."workspace_type", "public"."control_tower_alerts"."title", "public"."control_tower_alerts"."description", "public"."control_tower_alerts"."resolved_at", "public"."control_tower_alerts"."resolved_by_id", "public"."control_tower_alerts"."created_at"
2026-06-04 11:06:51.514 +03 [50040] ERROR:  duplicate key value violates unique constraint "control_tower_alerts_open_dedup_idx"
2026-06-04 11:06:51.514 +03 [50040] DETAIL:  Key (workspace_id, alert_key)=(8c8d3225-b586-4fa0-bc21-03027dfa9a5c, operator.overloaded) already exists.
2026-06-04 11:06:51.514 +03 [50040] STATEMENT:  INSERT INTO "public"."control_tower_alerts" ("id","severity","category","alert_key","workspace_id","workspace_type","title","description","created_at") VALUES ($1,$2,$3,$4,$5,$6,$7,$8,$9) RETURNING "public"."control_tower_alerts"."id", "public"."control_tower_alerts"."severity", "public"."control_tower_alerts"."category", "public"."control_tower_alerts"."alert_key", "public"."control_tower_alerts"."workspace_id", "public"."control_tower_alerts"."workspace_type", "public"."control_tower_alerts"."title", "public"."control_tower_alerts"."description", "public"."control_tower_alerts"."resolved_at", "public"."control_tower_alerts"."resolved_by_id", "public"."control_tower_alerts"."created_at"
2026-06-04 11:06:53.589 +03 [50040] ERROR:  duplicate key value violates unique constraint "control_tower_alerts_open_dedup_idx"
2026-06-04 11:06:53.589 +03 [50040] DETAIL:  Key (workspace_id, alert_key)=(8c8d3225-b586-4fa0-bc21-03027dfa9a5c, operator.overloaded) already exists.
2026-06-04 11:06:53.589 +03 [50040] STATEMENT:  INSERT INTO "public"."control_tower_alerts" ("id","severity","category","alert_key","workspace_id","workspace_type","title","description","created_at") VALUES ($1,$2,$3,$4,$5,$6,$7,$8,$9) RETURNING "public"."control_tower_alerts"."id", "public"."control_tower_alerts"."severity", "public"."control_tower_alerts"."category", "public"."control_tower_alerts"."alert_key", "public"."control_tower_alerts"."workspace_id", "public"."control_tower_alerts"."workspace_type", "public"."control_tower_alerts"."title", "public"."control_tower_alerts"."description", "public"."control_tower_alerts"."resolved_at", "public"."control_tower_alerts"."resolved_by_id", "public"."control_tower_alerts"."created_at"
2026-06-04 11:06:55.254 +03 [50038] ERROR:  duplicate key value violates unique constraint "control_tower_alerts_open_dedup_idx"
2026-06-04 11:06:55.254 +03 [50038] DETAIL:  Key (workspace_id, alert_key)=(8c8d3225-b586-4fa0-bc21-03027dfa9a5c, operator.overloaded) already exists.
2026-06-04 11:06:55.254 +03 [50038] STATEMENT:  INSERT INTO "public"."control_tower_alerts" ("id","severity","category","alert_key","workspace_id","workspace_type","title","description","created_at") VALUES ($1,$2,$3,$4,$5,$6,$7,$8,$9) RETURNING "public"."control_tower_alerts"."id", "public"."control_tower_alerts"."severity", "public"."control_tower_alerts"."category", "public"."control_tower_alerts"."alert_key", "public"."control_tower_alerts"."workspace_id", "public"."control_tower_alerts"."workspace_type", "public"."control_tower_alerts"."title", "public"."control_tower_alerts"."description", "public"."control_tower_alerts"."resolved_at", "public"."control_tower_alerts"."resolved_by_id", "public"."control_tower_alerts"."created_at"
2026-06-04 11:07:56.338 +03 [50992] ERROR:  duplicate key value violates unique constraint "control_tower_alerts_open_dedup_idx"
2026-06-04 11:07:56.338 +03 [50992] DETAIL:  Key (workspace_id, alert_key)=(8c8d3225-b586-4fa0-bc21-03027dfa9a5c, operator.overloaded) already exists.
2026-06-04 11:07:56.338 +03 [50992] STATEMENT:  INSERT INTO "public"."control_tower_alerts" ("id","severity","category","alert_key","workspace_id","workspace_type","title","description","created_at") VALUES ($1,$2,$3,$4,$5,$6,$7,$8,$9) RETURNING "public"."control_tower_alerts"."id", "public"."control_tower_alerts"."severity", "public"."control_tower_alerts"."category", "public"."control_tower_alerts"."alert_key", "public"."control_tower_alerts"."workspace_id", "public"."control_tower_alerts"."workspace_type", "public"."control_tower_alerts"."title", "public"."control_tower_alerts"."description", "public"."control_tower_alerts"."resolved_at", "public"."control_tower_alerts"."resolved_by_id", "public"."control_tower_alerts"."created_at"
2026-06-04 11:08:03.024 +03 [50048] ERROR:  duplicate key value violates unique constraint "control_tower_alerts_open_dedup_idx"
2026-06-04 11:08:03.024 +03 [50048] DETAIL:  Key (workspace_id, alert_key)=(8c8d3225-b586-4fa0-bc21-03027dfa9a5c, operator.overloaded) already exists.
2026-06-04 11:08:03.024 +03 [50048] STATEMENT:  INSERT INTO "public"."control_tower_alerts" ("id","severity","category","alert_key","workspace_id","workspace_type","title","description","created_at") VALUES ($1,$2,$3,$4,$5,$6,$7,$8,$9) RETURNING "public"."control_tower_alerts"."id", "public"."control_tower_alerts"."severity", "public"."control_tower_alerts"."category", "public"."control_tower_alerts"."alert_key", "public"."control_tower_alerts"."workspace_id", "public"."control_tower_alerts"."workspace_type", "public"."control_tower_alerts"."title", "public"."control_tower_alerts"."description", "public"."control_tower_alerts"."resolved_at", "public"."control_tower_alerts"."resolved_by_id", "public"."control_tower_alerts"."created_at"
2026-06-04 11:08:06.138 +03 [50040] ERROR:  duplicate key value violates unique constraint "control_tower_alerts_open_dedup_idx"
2026-06-04 11:08:06.138 +03 [50040] DETAIL:  Key (workspace_id, alert_key)=(8c8d3225-b586-4fa0-bc21-03027dfa9a5c, operator.overloaded) already exists.
2026-06-04 11:08:06.138 +03 [50040] STATEMENT:  INSERT INTO "public"."control_tower_alerts" ("id","severity","category","alert_key","workspace_id","workspace_type","title","description","created_at") VALUES ($1,$2,$3,$4,$5,$6,$7,$8,$9) RETURNING "public"."control_tower_alerts"."id", "public"."control_tower_alerts"."severity", "public"."control_tower_alerts"."category", "public"."control_tower_alerts"."alert_key", "public"."control_tower_alerts"."workspace_id", "public"."control_tower_alerts"."workspace_type", "public"."control_tower_alerts"."title", "public"."control_tower_alerts"."description", "public"."control_tower_alerts"."resolved_at", "public"."control_tower_alerts"."resolved_by_id", "public"."control_tower_alerts"."created_at"
2026-06-04 11:08:09.938 +03 [50041] ERROR:  duplicate key value violates unique constraint "control_tower_alerts_open_dedup_idx"
2026-06-04 11:08:09.938 +03 [50041] DETAIL:  Key (workspace_id, alert_key)=(8c8d3225-b586-4fa0-bc21-03027dfa9a5c, operator.overloaded) already exists.
2026-06-04 11:08:09.938 +03 [50041] STATEMENT:  INSERT INTO "public"."control_tower_alerts" ("id","severity","category","alert_key","workspace_id","workspace_type","title","description","created_at") VALUES ($1,$2,$3,$4,$5,$6,$7,$8,$9) RETURNING "public"."control_tower_alerts"."id", "public"."control_tower_alerts"."severity", "public"."control_tower_alerts"."category", "public"."control_tower_alerts"."alert_key", "public"."control_tower_alerts"."workspace_id", "public"."control_tower_alerts"."workspace_type", "public"."control_tower_alerts"."title", "public"."control_tower_alerts"."description", "public"."control_tower_alerts"."resolved_at", "public"."control_tower_alerts"."resolved_by_id", "public"."control_tower_alerts"."created_at"
2026-06-04 11:08:15.945 +03 [50040] ERROR:  duplicate key value violates unique constraint "control_tower_alerts_open_dedup_idx"
2026-06-04 11:08:15.945 +03 [50040] DETAIL:  Key (workspace_id, alert_key)=(8c8d3225-b586-4fa0-bc21-03027dfa9a5c, operator.overloaded) already exists.
2026-06-04 11:08:15.945 +03 [50040] STATEMENT:  INSERT INTO "public"."control_tower_alerts" ("id","severity","category","alert_key","workspace_id","workspace_type","title","description","created_at") VALUES ($1,$2,$3,$4,$5,$6,$7,$8,$9) RETURNING "public"."control_tower_alerts"."id", "public"."control_tower_alerts"."severity", "public"."control_tower_alerts"."category", "public"."control_tower_alerts"."alert_key", "public"."control_tower_alerts"."workspace_id", "public"."control_tower_alerts"."workspace_type", "public"."control_tower_alerts"."title", "public"."control_tower_alerts"."description", "public"."control_tower_alerts"."resolved_at", "public"."control_tower_alerts"."resolved_by_id", "public"."control_tower_alerts"."created_at"
2026-06-04 11:09:22.448 +03 [4250] LOG:  checkpoint starting: time
2026-06-04 11:10:46.715 +03 [52340] LOG:  unexpected EOF on client connection with an open transaction
2026-06-04 11:10:46.715 +03 [52339] LOG:  unexpected EOF on client connection with an open transaction
2026-06-04 11:10:46.715 +03 [52336] LOG:  unexpected EOF on client connection with an open transaction
2026-06-04 11:10:46.715 +03 [52333] LOG:  unexpected EOF on client connection with an open transaction
2026-06-04 11:10:46.967 +03 [52337] ERROR:  duplicate key value violates unique constraint "control_tower_alerts_open_dedup_idx"
2026-06-04 11:10:46.967 +03 [52337] DETAIL:  Key (workspace_id, alert_key)=(8c8d3225-b586-4fa0-bc21-03027dfa9a5c, operator.overloaded) already exists.
2026-06-04 11:10:46.967 +03 [52337] STATEMENT:  INSERT INTO "public"."control_tower_alerts" ("id","severity","category","alert_key","workspace_id","workspace_type","title","description","created_at") VALUES ($1,$2,$3,$4,$5,$6,$7,$8,$9) RETURNING "public"."control_tower_alerts"."id", "public"."control_tower_alerts"."severity", "public"."control_tower_alerts"."category", "public"."control_tower_alerts"."alert_key", "public"."control_tower_alerts"."workspace_id", "public"."control_tower_alerts"."workspace_type", "public"."control_tower_alerts"."title", "public"."control_tower_alerts"."description", "public"."control_tower_alerts"."resolved_at", "public"."control_tower_alerts"."resolved_by_id", "public"."control_tower_alerts"."created_at"
2026-06-04 11:10:47.345 +03 [52352] LOG:  unexpected EOF on client connection with an open transaction
2026-06-04 11:10:47.345 +03 [52353] LOG:  unexpected EOF on client connection with an open transaction
2026-06-04 11:10:47.345 +03 [52354] LOG:  unexpected EOF on client connection with an open transaction
2026-06-04 11:10:47.345 +03 [52351] LOG:  unexpected EOF on client connection with an open transaction
2026-06-04 11:10:49.979 +03 [52335] ERROR:  duplicate key value violates unique constraint "control_tower_alerts_open_dedup_idx"
2026-06-04 11:10:49.979 +03 [52335] DETAIL:  Key (workspace_id, alert_key)=(8c8d3225-b586-4fa0-bc21-03027dfa9a5c, operator.overloaded) already exists.
2026-06-04 11:10:49.979 +03 [52335] STATEMENT:  INSERT INTO "public"."control_tower_alerts" ("id","severity","category","alert_key","workspace_id","workspace_type","title","description","created_at") VALUES ($1,$2,$3,$4,$5,$6,$7,$8,$9) RETURNING "public"."control_tower_alerts"."id", "public"."control_tower_alerts"."severity", "public"."control_tower_alerts"."category", "public"."control_tower_alerts"."alert_key", "public"."control_tower_alerts"."workspace_id", "public"."control_tower_alerts"."workspace_type", "public"."control_tower_alerts"."title", "public"."control_tower_alerts"."description", "public"."control_tower_alerts"."resolved_at", "public"."control_tower_alerts"."resolved_by_id", "public"."control_tower_alerts"."created_at"
2026-06-04 11:11:18.159 +03 [52334] ERROR:  duplicate key value violates unique constraint "control_tower_alerts_open_dedup_idx"
2026-06-04 11:11:18.159 +03 [52334] DETAIL:  Key (workspace_id, alert_key)=(8c8d3225-b586-4fa0-bc21-03027dfa9a5c, operator.overloaded) already exists.
2026-06-04 11:11:18.159 +03 [52334] STATEMENT:  INSERT INTO "public"."control_tower_alerts" ("id","severity","category","alert_key","workspace_id","workspace_type","title","description","created_at") VALUES ($1,$2,$3,$4,$5,$6,$7,$8,$9) RETURNING "public"."control_tower_alerts"."id", "public"."control_tower_alerts"."severity", "public"."control_tower_alerts"."category", "public"."control_tower_alerts"."alert_key", "public"."control_tower_alerts"."workspace_id", "public"."control_tower_alerts"."workspace_type", "public"."control_tower_alerts"."title", "public"."control_tower_alerts"."description", "public"."control_tower_alerts"."resolved_at", "public"."control_tower_alerts"."resolved_by_id", "public"."control_tower_alerts"."created_at"
2026-06-04 11:11:24.188 +03 [52693] ERROR:  duplicate key value violates unique constraint "control_tower_alerts_open_dedup_idx"
2026-06-04 11:11:24.188 +03 [52693] DETAIL:  Key (workspace_id, alert_key)=(8c8d3225-b586-4fa0-bc21-03027dfa9a5c, operator.overloaded) already exists.
2026-06-04 11:11:24.188 +03 [52693] STATEMENT:  INSERT INTO "public"."control_tower_alerts" ("id","severity","category","alert_key","workspace_id","workspace_type","title","description","created_at") VALUES ($1,$2,$3,$4,$5,$6,$7,$8,$9) RETURNING "public"."control_tower_alerts"."id", "public"."control_tower_alerts"."severity", "public"."control_tower_alerts"."category", "public"."control_tower_alerts"."alert_key", "public"."control_tower_alerts"."workspace_id", "public"."control_tower_alerts"."workspace_type", "public"."control_tower_alerts"."title", "public"."control_tower_alerts"."description", "public"."control_tower_alerts"."resolved_at", "public"."control_tower_alerts"."resolved_by_id", "public"."control_tower_alerts"."created_at"
2026-06-04 11:11:25.905 +03 [52694] ERROR:  duplicate key value violates unique constraint "control_tower_alerts_open_dedup_idx"
2026-06-04 11:11:25.905 +03 [52694] DETAIL:  Key (workspace_id, alert_key)=(8c8d3225-b586-4fa0-bc21-03027dfa9a5c, operator.overloaded) already exists.
2026-06-04 11:11:25.905 +03 [52694] STATEMENT:  INSERT INTO "public"."control_tower_alerts" ("id","severity","category","alert_key","workspace_id","workspace_type","title","description","created_at") VALUES ($1,$2,$3,$4,$5,$6,$7,$8,$9) RETURNING "public"."control_tower_alerts"."id", "public"."control_tower_alerts"."severity", "public"."control_tower_alerts"."category", "public"."control_tower_alerts"."alert_key", "public"."control_tower_alerts"."workspace_id", "public"."control_tower_alerts"."workspace_type", "public"."control_tower_alerts"."title", "public"."control_tower_alerts"."description", "public"."control_tower_alerts"."resolved_at", "public"."control_tower_alerts"."resolved_by_id", "public"."control_tower_alerts"."created_at"
2026-06-04 11:11:27.038 +03 [52694] ERROR:  duplicate key value violates unique constraint "control_tower_alerts_open_dedup_idx"
2026-06-04 11:11:27.038 +03 [52694] DETAIL:  Key (workspace_id, alert_key)=(8c8d3225-b586-4fa0-bc21-03027dfa9a5c, operator.overloaded) already exists.
2026-06-04 11:11:27.038 +03 [52694] STATEMENT:  INSERT INTO "public"."control_tower_alerts" ("id","severity","category","alert_key","workspace_id","workspace_type","title","description","created_at") VALUES ($1,$2,$3,$4,$5,$6,$7,$8,$9) RETURNING "public"."control_tower_alerts"."id", "public"."control_tower_alerts"."severity", "public"."control_tower_alerts"."category", "public"."control_tower_alerts"."alert_key", "public"."control_tower_alerts"."workspace_id", "public"."control_tower_alerts"."workspace_type", "public"."control_tower_alerts"."title", "public"."control_tower_alerts"."description", "public"."control_tower_alerts"."resolved_at", "public"."control_tower_alerts"."resolved_by_id", "public"."control_tower_alerts"."created_at"
2026-06-04 11:11:50.046 +03 [4250] LOG:  checkpoint complete: wrote 1457 buffers (8.9%); 0 WAL file(s) added, 0 removed, 1 recycled; write=147.588 s, sync=0.007 s, total=147.598 s; sync files=251, longest=0.001 s, average=0.001 s; distance=8669 kB, estimate=8669 kB
2026-06-04 11:25:46.860 +03 [58158] ERROR:  duplicate key value violates unique constraint "control_tower_alerts_open_dedup_idx"
2026-06-04 11:25:46.860 +03 [58158] DETAIL:  Key (workspace_id, alert_key)=(8c8d3225-b586-4fa0-bc21-03027dfa9a5c, operator.overloaded) already exists.
2026-06-04 11:25:46.860 +03 [58158] STATEMENT:  INSERT INTO "public"."control_tower_alerts" ("id","severity","category","alert_key","workspace_id","workspace_type","title","description","created_at") VALUES ($1,$2,$3,$4,$5,$6,$7,$8,$9) RETURNING "public"."control_tower_alerts"."id", "public"."control_tower_alerts"."severity", "public"."control_tower_alerts"."category", "public"."control_tower_alerts"."alert_key", "public"."control_tower_alerts"."workspace_id", "public"."control_tower_alerts"."workspace_type", "public"."control_tower_alerts"."title", "public"."control_tower_alerts"."description", "public"."control_tower_alerts"."resolved_at", "public"."control_tower_alerts"."resolved_by_id", "public"."control_tower_alerts"."created_at"
2026-06-04 11:29:22.940 +03 [4250] LOG:  checkpoint starting: time
2026-06-04 11:29:50.217 +03 [59735] ERROR:  column "job_executions.started_at" must appear in the GROUP BY clause or be used in an aggregate function at character 23
2026-06-04 11:29:50.217 +03 [59735] STATEMENT:  
	    SELECT job_name, started_at, COUNT(*)::int AS c
	    FROM job_executions
	    WHERE status = 'SUCCESS' AND started_at > NOW() - INTERVAL '1 hour'
	    GROUP BY job_name, date_trunc('minute', started_at)
	    HAVING COUNT(*) > 3
	    LIMIT 5
	  
2026-06-04 11:29:50.483 +03 [59732] ERROR:  duplicate key value violates unique constraint "control_tower_alerts_open_dedup_idx"
2026-06-04 11:29:50.483 +03 [59732] DETAIL:  Key (workspace_id, alert_key)=(8c8d3225-b586-4fa0-bc21-03027dfa9a5c, operator.overloaded) already exists.
2026-06-04 11:29:50.483 +03 [59732] STATEMENT:  INSERT INTO "public"."control_tower_alerts" ("id","severity","category","alert_key","workspace_id","workspace_type","title","description","created_at") VALUES ($1,$2,$3,$4,$5,$6,$7,$8,$9) RETURNING "public"."control_tower_alerts"."id", "public"."control_tower_alerts"."severity", "public"."control_tower_alerts"."category", "public"."control_tower_alerts"."alert_key", "public"."control_tower_alerts"."workspace_id", "public"."control_tower_alerts"."workspace_type", "public"."control_tower_alerts"."title", "public"."control_tower_alerts"."description", "public"."control_tower_alerts"."resolved_at", "public"."control_tower_alerts"."resolved_by_id", "public"."control_tower_alerts"."created_at"
2026-06-04 11:29:53.267 +03 [4250] LOG:  checkpoint complete: wrote 300 buffers (1.8%); 0 WAL file(s) added, 0 removed, 0 recycled; write=30.321 s, sync=0.004 s, total=30.328 s; sync files=44, longest=0.001 s, average=0.001 s; distance=2290 kB, estimate=8031 kB
2026-06-04 11:31:13.450 +03 [59733] ERROR:  duplicate key value violates unique constraint "control_tower_alerts_open_dedup_idx"
2026-06-04 11:31:13.450 +03 [59733] DETAIL:  Key (workspace_id, alert_key)=(8c8d3225-b586-4fa0-bc21-03027dfa9a5c, operator.overloaded) already exists.
2026-06-04 11:31:13.450 +03 [59733] STATEMENT:  INSERT INTO "public"."control_tower_alerts" ("id","severity","category","alert_key","workspace_id","workspace_type","title","description","created_at") VALUES ($1,$2,$3,$4,$5,$6,$7,$8,$9) RETURNING "public"."control_tower_alerts"."id", "public"."control_tower_alerts"."severity", "public"."control_tower_alerts"."category", "public"."control_tower_alerts"."alert_key", "public"."control_tower_alerts"."workspace_id", "public"."control_tower_alerts"."workspace_type", "public"."control_tower_alerts"."title", "public"."control_tower_alerts"."description", "public"."control_tower_alerts"."resolved_at", "public"."control_tower_alerts"."resolved_by_id", "public"."control_tower_alerts"."created_at"
2026-06-04 11:32:39.931 +03 [60539] ERROR:  duplicate key value violates unique constraint "control_tower_alerts_open_dedup_idx"
2026-06-04 11:32:39.931 +03 [60539] DETAIL:  Key (workspace_id, alert_key)=(8c8d3225-b586-4fa0-bc21-03027dfa9a5c, operator.overloaded) already exists.
2026-06-04 11:32:39.931 +03 [60539] STATEMENT:  INSERT INTO "public"."control_tower_alerts" ("id","severity","category","alert_key","workspace_id","workspace_type","title","description","created_at") VALUES ($1,$2,$3,$4,$5,$6,$7,$8,$9) RETURNING "public"."control_tower_alerts"."id", "public"."control_tower_alerts"."severity", "public"."control_tower_alerts"."category", "public"."control_tower_alerts"."alert_key", "public"."control_tower_alerts"."workspace_id", "public"."control_tower_alerts"."workspace_type", "public"."control_tower_alerts"."title", "public"."control_tower_alerts"."description", "public"."control_tower_alerts"."resolved_at", "public"."control_tower_alerts"."resolved_by_id", "public"."control_tower_alerts"."created_at"
2026-06-04 11:34:22.342 +03 [4250] LOG:  checkpoint starting: time
2026-06-04 11:34:50.305 +03 [4250] LOG:  checkpoint complete: wrote 276 buffers (1.7%); 0 WAL file(s) added, 0 removed, 0 recycled; write=27.952 s, sync=0.005 s, total=27.964 s; sync files=91, longest=0.001 s, average=0.001 s; distance=1374 kB, estimate=7365 kB
2026-06-04 11:36:04.313 +03 [62207] LOG:  could not receive data from client: Connection reset by peer
2026-06-04 11:36:04.313 +03 [62203] LOG:  unexpected EOF on client connection with an open transaction
2026-06-04 11:36:04.313 +03 [62205] LOG:  unexpected EOF on client connection with an open transaction
2026-06-04 11:36:04.623 +03 [62204] ERROR:  duplicate key value violates unique constraint "control_tower_alerts_open_dedup_idx"
2026-06-04 11:36:04.623 +03 [62204] DETAIL:  Key (workspace_id, alert_key)=(8c8d3225-b586-4fa0-bc21-03027dfa9a5c, operator.overloaded) already exists.
2026-06-04 11:36:04.623 +03 [62204] STATEMENT:  INSERT INTO "public"."control_tower_alerts" ("id","severity","category","alert_key","workspace_id","workspace_type","title","description","created_at") VALUES ($1,$2,$3,$4,$5,$6,$7,$8,$9) RETURNING "public"."control_tower_alerts"."id", "public"."control_tower_alerts"."severity", "public"."control_tower_alerts"."category", "public"."control_tower_alerts"."alert_key", "public"."control_tower_alerts"."workspace_id", "public"."control_tower_alerts"."workspace_type", "public"."control_tower_alerts"."title", "public"."control_tower_alerts"."description", "public"."control_tower_alerts"."resolved_at", "public"."control_tower_alerts"."resolved_by_id", "public"."control_tower_alerts"."created_at"
2026-06-04 11:36:09.316 +03 [62252] LOG:  unexpected EOF on client connection with an open transaction
2026-06-04 11:36:09.316 +03 [62251] LOG:  unexpected EOF on client connection with an open transaction
2026-06-04 11:36:09.316 +03 [62250] LOG:  unexpected EOF on client connection with an open transaction
2026-06-04 11:36:09.316 +03 [62249] LOG:  unexpected EOF on client connection with an open transaction
2026-06-04 11:36:16.566 +03 [62314] LOG:  unexpected EOF on client connection with an open transaction
2026-06-04 11:36:16.566 +03 [62313] LOG:  unexpected EOF on client connection with an open transaction
2026-06-04 11:36:16.566 +03 [62315] LOG:  unexpected EOF on client connection with an open transaction
2026-06-04 11:36:16.566 +03 [62309] LOG:  unexpected EOF on client connection with an open transaction
2026-06-04 11:36:16.810 +03 [62312] ERROR:  duplicate key value violates unique constraint "control_tower_alerts_open_dedup_idx"
2026-06-04 11:36:16.810 +03 [62312] DETAIL:  Key (workspace_id, alert_key)=(8c8d3225-b586-4fa0-bc21-03027dfa9a5c, operator.overloaded) already exists.
2026-06-04 11:36:16.810 +03 [62312] STATEMENT:  INSERT INTO "public"."control_tower_alerts" ("id","severity","category","alert_key","workspace_id","workspace_type","title","description","created_at") VALUES ($1,$2,$3,$4,$5,$6,$7,$8,$9) RETURNING "public"."control_tower_alerts"."id", "public"."control_tower_alerts"."severity", "public"."control_tower_alerts"."category", "public"."control_tower_alerts"."alert_key", "public"."control_tower_alerts"."workspace_id", "public"."control_tower_alerts"."workspace_type", "public"."control_tower_alerts"."title", "public"."control_tower_alerts"."description", "public"."control_tower_alerts"."resolved_at", "public"."control_tower_alerts"."resolved_by_id", "public"."control_tower_alerts"."created_at"
2026-06-04 11:36:21.538 +03 [62356] LOG:  unexpected EOF on client connection with an open transaction
2026-06-04 11:36:21.538 +03 [62355] LOG:  unexpected EOF on client connection with an open transaction
2026-06-04 11:36:21.538 +03 [62354] LOG:  unexpected EOF on client connection with an open transaction
2026-06-04 11:39:22.305 +03 [4250] LOG:  checkpoint starting: time
2026-06-04 11:40:00.301 +03 [4250] LOG:  checkpoint complete: wrote 376 buffers (2.3%); 0 WAL file(s) added, 0 removed, 0 recycled; write=37.986 s, sync=0.006 s, total=37.996 s; sync files=83, longest=0.001 s, average=0.001 s; distance=2215 kB, estimate=6850 kB
2026-06-04 11:44:22.300 +03 [4250] LOG:  checkpoint starting: time
2026-06-04 11:44:29.755 +03 [4250] LOG:  checkpoint complete: wrote 74 buffers (0.5%); 0 WAL file(s) added, 0 removed, 0 recycled; write=7.448 s, sync=0.005 s, total=7.456 s; sync files=41, longest=0.001 s, average=0.001 s; distance=370 kB, estimate=6202 kB
2026-06-04 11:45:04.888 +03 [65683] LOG:  unexpected EOF on client connection with an open transaction
2026-06-04 11:45:04.888 +03 [65682] LOG:  unexpected EOF on client connection with an open transaction
2026-06-04 11:45:04.888 +03 [65678] LOG:  unexpected EOF on client connection with an open transaction
2026-06-04 11:45:04.888 +03 [65680] LOG:  unexpected EOF on client connection with an open transaction
2026-06-04 11:45:05.149 +03 [65684] ERROR:  duplicate key value violates unique constraint "control_tower_alerts_open_dedup_idx"
2026-06-04 11:45:05.149 +03 [65684] DETAIL:  Key (workspace_id, alert_key)=(8c8d3225-b586-4fa0-bc21-03027dfa9a5c, operator.overloaded) already exists.
2026-06-04 11:45:05.149 +03 [65684] STATEMENT:  INSERT INTO "public"."control_tower_alerts" ("id","severity","category","alert_key","workspace_id","workspace_type","title","description","created_at") VALUES ($1,$2,$3,$4,$5,$6,$7,$8,$9) RETURNING "public"."control_tower_alerts"."id", "public"."control_tower_alerts"."severity", "public"."control_tower_alerts"."category", "public"."control_tower_alerts"."alert_key", "public"."control_tower_alerts"."workspace_id", "public"."control_tower_alerts"."workspace_type", "public"."control_tower_alerts"."title", "public"."control_tower_alerts"."description", "public"."control_tower_alerts"."resolved_at", "public"."control_tower_alerts"."resolved_by_id", "public"."control_tower_alerts"."created_at"
2026-06-04 11:45:09.891 +03 [65725] LOG:  unexpected EOF on client connection with an open transaction
2026-06-04 11:45:09.891 +03 [65722] LOG:  unexpected EOF on client connection with an open transaction
2026-06-04 11:45:09.891 +03 [65723] LOG:  unexpected EOF on client connection with an open transaction
2026-06-04 11:45:09.891 +03 [65724] LOG:  unexpected EOF on client connection with an open transaction
2026-06-04 11:49:22.795 +03 [4250] LOG:  checkpoint starting: time
2026-06-04 11:49:28.317 +03 [67395] LOG:  unexpected EOF on client connection with an open transaction
2026-06-04 11:49:28.317 +03 [67393] LOG:  unexpected EOF on client connection with an open transaction
2026-06-04 11:49:28.317 +03 [67394] LOG:  unexpected EOF on client connection with an open transaction
2026-06-04 11:49:28.317 +03 [67392] LOG:  unexpected EOF on client connection with an open transaction
2026-06-04 11:49:28.458 +03 [67397] LOG:  unexpected EOF on client connection with an open transaction
2026-06-04 11:49:28.458 +03 [67398] LOG:  unexpected EOF on client connection with an open transaction
2026-06-04 11:49:28.458 +03 [67399] LOG:  unexpected EOF on client connection with an open transaction
2026-06-04 11:49:28.458 +03 [67396] LOG:  unexpected EOF on client connection with an open transaction
2026-06-04 11:49:28.476 +03 [67387] ERROR:  duplicate key value violates unique constraint "control_tower_alerts_open_dedup_idx"
2026-06-04 11:49:28.476 +03 [67387] DETAIL:  Key (workspace_id, alert_key)=(8c8d3225-b586-4fa0-bc21-03027dfa9a5c, operator.overloaded) already exists.
2026-06-04 11:49:28.476 +03 [67387] STATEMENT:  INSERT INTO "public"."control_tower_alerts" ("id","severity","category","alert_key","workspace_id","workspace_type","title","description","created_at") VALUES ($1,$2,$3,$4,$5,$6,$7,$8,$9) RETURNING "public"."control_tower_alerts"."id", "public"."control_tower_alerts"."severity", "public"."control_tower_alerts"."category", "public"."control_tower_alerts"."alert_key", "public"."control_tower_alerts"."workspace_id", "public"."control_tower_alerts"."workspace_type", "public"."control_tower_alerts"."title", "public"."control_tower_alerts"."description", "public"."control_tower_alerts"."resolved_at", "public"."control_tower_alerts"."resolved_by_id", "public"."control_tower_alerts"."created_at"
2026-06-04 11:49:30.202 +03 [67424] LOG:  could not receive data from client: Connection reset by peer
2026-06-04 11:49:30.202 +03 [67424] LOG:  unexpected EOF on client connection with an open transaction
2026-06-04 11:49:30.202 +03 [67423] LOG:  unexpected EOF on client connection with an open transaction
2026-06-04 11:49:30.202 +03 [67422] LOG:  unexpected EOF on client connection with an open transaction
2026-06-04 11:49:30.202 +03 [67416] LOG:  unexpected EOF on client connection with an open transaction
2026-06-04 11:49:30.430 +03 [67419] ERROR:  duplicate key value violates unique constraint "control_tower_alerts_open_dedup_idx"
2026-06-04 11:49:30.430 +03 [67419] DETAIL:  Key (workspace_id, alert_key)=(8c8d3225-b586-4fa0-bc21-03027dfa9a5c, operator.overloaded) already exists.
2026-06-04 11:49:30.430 +03 [67419] STATEMENT:  INSERT INTO "public"."control_tower_alerts" ("id","severity","category","alert_key","workspace_id","workspace_type","title","description","created_at") VALUES ($1,$2,$3,$4,$5,$6,$7,$8,$9) RETURNING "public"."control_tower_alerts"."id", "public"."control_tower_alerts"."severity", "public"."control_tower_alerts"."category", "public"."control_tower_alerts"."alert_key", "public"."control_tower_alerts"."workspace_id", "public"."control_tower_alerts"."workspace_type", "public"."control_tower_alerts"."title", "public"."control_tower_alerts"."description", "public"."control_tower_alerts"."resolved_at", "public"."control_tower_alerts"."resolved_by_id", "public"."control_tower_alerts"."created_at"
2026-06-04 11:49:30.594 +03 [67418] LOG:  unexpected EOF on client connection with an open transaction
2026-06-04 11:49:30.978 +03 [67449] LOG:  unexpected EOF on client connection with an open transaction
2026-06-04 11:49:30.978 +03 [67450] LOG:  could not receive data from client: Connection reset by peer
2026-06-04 11:49:30.978 +03 [67442] LOG:  unexpected EOF on client connection with an open transaction
2026-06-04 11:49:30.978 +03 [67448] LOG:  unexpected EOF on client connection with an open transaction
2026-06-04 11:49:30.978 +03 [67450] LOG:  unexpected EOF on client connection with an open transaction
2026-06-04 11:49:31.007 +03 [67456] LOG:  unexpected EOF on client connection with an open transaction
2026-06-04 11:49:31.007 +03 [67454] LOG:  unexpected EOF on client connection with an open transaction
2026-06-04 11:49:31.007 +03 [67455] LOG:  unexpected EOF on client connection with an open transaction
2026-06-04 11:49:31.007 +03 [67453] LOG:  unexpected EOF on client connection with an open transaction
2026-06-04 11:49:31.218 +03 [67443] ERROR:  duplicate key value violates unique constraint "control_tower_alerts_open_dedup_idx"
2026-06-04 11:49:31.218 +03 [67443] DETAIL:  Key (workspace_id, alert_key)=(8c8d3225-b586-4fa0-bc21-03027dfa9a5c, operator.overloaded) already exists.
2026-06-04 11:49:31.218 +03 [67443] STATEMENT:  INSERT INTO "public"."control_tower_alerts" ("id","severity","category","alert_key","workspace_id","workspace_type","title","description","created_at") VALUES ($1,$2,$3,$4,$5,$6,$7,$8,$9) RETURNING "public"."control_tower_alerts"."id", "public"."control_tower_alerts"."severity", "public"."control_tower_alerts"."category", "public"."control_tower_alerts"."alert_key", "public"."control_tower_alerts"."workspace_id", "public"."control_tower_alerts"."workspace_type", "public"."control_tower_alerts"."title", "public"."control_tower_alerts"."description", "public"."control_tower_alerts"."resolved_at", "public"."control_tower_alerts"."resolved_by_id", "public"."control_tower_alerts"."created_at"
2026-06-04 11:49:33.572 +03 [67483] LOG:  unexpected EOF on client connection with an open transaction
2026-06-04 11:49:33.572 +03 [67481] LOG:  unexpected EOF on client connection with an open transaction
2026-06-04 11:49:33.572 +03 [67482] LOG:  unexpected EOF on client connection with an open transaction
2026-06-04 11:49:33.572 +03 [67477] LOG:  unexpected EOF on client connection with an open transaction
2026-06-04 11:49:33.817 +03 [67487] ERROR:  duplicate key value violates unique constraint "control_tower_alerts_open_dedup_idx"
2026-06-04 11:49:33.817 +03 [67487] DETAIL:  Key (workspace_id, alert_key)=(8c8d3225-b586-4fa0-bc21-03027dfa9a5c, operator.overloaded) already exists.
2026-06-04 11:49:33.817 +03 [67487] STATEMENT:  INSERT INTO "public"."control_tower_alerts" ("id","severity","category","alert_key","workspace_id","workspace_type","title","description","created_at") VALUES ($1,$2,$3,$4,$5,$6,$7,$8,$9) RETURNING "public"."control_tower_alerts"."id", "public"."control_tower_alerts"."severity", "public"."control_tower_alerts"."category", "public"."control_tower_alerts"."alert_key", "public"."control_tower_alerts"."workspace_id", "public"."control_tower_alerts"."workspace_type", "public"."control_tower_alerts"."title", "public"."control_tower_alerts"."description", "public"."control_tower_alerts"."resolved_at", "public"."control_tower_alerts"."resolved_by_id", "public"."control_tower_alerts"."created_at"
2026-06-04 11:49:36.682 +03 [67521] LOG:  could not receive data from client: Connection reset by peer
2026-06-04 11:49:36.682 +03 [67513] LOG:  unexpected EOF on client connection with an open transaction
2026-06-04 11:49:36.682 +03 [67521] LOG:  unexpected EOF on client connection with an open transaction
2026-06-04 11:49:36.682 +03 [67522] LOG:  could not receive data from client: Connection reset by peer
2026-06-04 11:49:36.919 +03 [67514] ERROR:  duplicate key value violates unique constraint "control_tower_alerts_open_dedup_idx"
2026-06-04 11:49:36.919 +03 [67514] DETAIL:  Key (workspace_id, alert_key)=(8c8d3225-b586-4fa0-bc21-03027dfa9a5c, operator.overloaded) already exists.
2026-06-04 11:49:36.919 +03 [67514] STATEMENT:  INSERT INTO "public"."control_tower_alerts" ("id","severity","category","alert_key","workspace_id","workspace_type","title","description","created_at") VALUES ($1,$2,$3,$4,$5,$6,$7,$8,$9) RETURNING "public"."control_tower_alerts"."id", "public"."control_tower_alerts"."severity", "public"."control_tower_alerts"."category", "public"."control_tower_alerts"."alert_key", "public"."control_tower_alerts"."workspace_id", "public"."control_tower_alerts"."workspace_type", "public"."control_tower_alerts"."title", "public"."control_tower_alerts"."description", "public"."control_tower_alerts"."resolved_at", "public"."control_tower_alerts"."resolved_by_id", "public"."control_tower_alerts"."created_at"
2026-06-04 11:49:37.803 +03 [67549] LOG:  could not receive data from client: Connection reset by peer
2026-06-04 11:49:37.803 +03 [67550] LOG:  could not receive data from client: Connection reset by peer
2026-06-04 11:49:37.803 +03 [67548] LOG:  unexpected EOF on client connection with an open transaction
2026-06-04 11:49:37.897 +03 [67542] LOG:  unexpected EOF on client connection with an open transaction
2026-06-04 11:49:37.897 +03 [67540] LOG:  unexpected EOF on client connection with an open transaction
2026-06-04 11:49:37.897 +03 [67538] LOG:  unexpected EOF on client connection with an open transaction
2026-06-04 11:49:37.897 +03 [67537] LOG:  unexpected EOF on client connection with an open transaction
2026-06-04 11:49:38.021 +03 [67543] ERROR:  duplicate key value violates unique constraint "control_tower_alerts_open_dedup_idx"
2026-06-04 11:49:38.021 +03 [67543] DETAIL:  Key (workspace_id, alert_key)=(8c8d3225-b586-4fa0-bc21-03027dfa9a5c, operator.overloaded) already exists.
2026-06-04 11:49:38.021 +03 [67543] STATEMENT:  INSERT INTO "public"."control_tower_alerts" ("id","severity","category","alert_key","workspace_id","workspace_type","title","description","created_at") VALUES ($1,$2,$3,$4,$5,$6,$7,$8,$9) RETURNING "public"."control_tower_alerts"."id", "public"."control_tower_alerts"."severity", "public"."control_tower_alerts"."category", "public"."control_tower_alerts"."alert_key", "public"."control_tower_alerts"."workspace_id", "public"."control_tower_alerts"."workspace_type", "public"."control_tower_alerts"."title", "public"."control_tower_alerts"."description", "public"."control_tower_alerts"."resolved_at", "public"."control_tower_alerts"."resolved_by_id", "public"."control_tower_alerts"."created_at"
2026-06-04 11:49:50.236 +03 [4250] LOG:  checkpoint complete: wrote 273 buffers (1.7%); 0 WAL file(s) added, 0 removed, 0 recycled; write=27.436 s, sync=0.003 s, total=27.441 s; sync files=58, longest=0.001 s, average=0.001 s; distance=1619 kB, estimate=5744 kB
2026-06-04 11:53:33.907 +03 [69098] LOG:  unexpected EOF on client connection with an open transaction
2026-06-04 11:53:33.907 +03 [69097] LOG:  unexpected EOF on client connection with an open transaction
2026-06-04 11:53:33.907 +03 [69099] LOG:  unexpected EOF on client connection with an open transaction
2026-06-04 11:53:33.907 +03 [69100] LOG:  unexpected EOF on client connection with an open transaction
2026-06-04 11:53:34.010 +03 [69095] LOG:  unexpected EOF on client connection with an open transaction
2026-06-04 11:53:34.010 +03 [69094] LOG:  unexpected EOF on client connection with an open transaction
2026-06-04 11:53:34.010 +03 [69096] LOG:  unexpected EOF on client connection with an open transaction
2026-06-04 11:53:34.010 +03 [69093] LOG:  unexpected EOF on client connection with an open transaction
2026-06-04 11:53:34.043 +03 [69088] LOG:  unexpected EOF on client connection with an open transaction
2026-06-04 11:53:34.444 +03 [69129] LOG:  could not receive data from client: Connection reset by peer
2026-06-04 11:53:34.444 +03 [69127] LOG:  could not receive data from client: Connection reset by peer
2026-06-04 11:53:34.444 +03 [69126] LOG:  unexpected EOF on client connection with an open transaction
2026-06-04 11:53:34.515 +03 [69123] LOG:  unexpected EOF on client connection with an open transaction
2026-06-04 11:53:34.515 +03 [69125] LOG:  unexpected EOF on client connection with an open transaction
2026-06-04 11:53:34.515 +03 [69124] LOG:  unexpected EOF on client connection with an open transaction
2026-06-04 11:53:34.516 +03 [69121] LOG:  unexpected EOF on client connection with an open transaction
2026-06-04 11:53:34.641 +03 [69116] ERROR:  duplicate key value violates unique constraint "control_tower_alerts_open_dedup_idx"
2026-06-04 11:53:34.641 +03 [69116] DETAIL:  Key (workspace_id, alert_key)=(8c8d3225-b586-4fa0-bc21-03027dfa9a5c, operator.overloaded) already exists.
2026-06-04 11:53:34.641 +03 [69116] STATEMENT:  INSERT INTO "public"."control_tower_alerts" ("id","severity","category","alert_key","workspace_id","workspace_type","title","description","created_at") VALUES ($1,$2,$3,$4,$5,$6,$7,$8,$9) RETURNING "public"."control_tower_alerts"."id", "public"."control_tower_alerts"."severity", "public"."control_tower_alerts"."category", "public"."control_tower_alerts"."alert_key", "public"."control_tower_alerts"."workspace_id", "public"."control_tower_alerts"."workspace_type", "public"."control_tower_alerts"."title", "public"."control_tower_alerts"."description", "public"."control_tower_alerts"."resolved_at", "public"."control_tower_alerts"."resolved_by_id", "public"."control_tower_alerts"."created_at"
2026-06-04 11:53:36.364 +03 [69151] LOG:  unexpected EOF on client connection with an open transaction
2026-06-04 11:53:36.364 +03 [69152] LOG:  unexpected EOF on client connection with an open transaction
2026-06-04 11:53:36.364 +03 [69150] LOG:  unexpected EOF on client connection with an open transaction
2026-06-04 11:53:36.364 +03 [69146] LOG:  unexpected EOF on client connection with an open transaction
2026-06-04 11:53:36.573 +03 [69148] ERROR:  duplicate key value violates unique constraint "control_tower_alerts_open_dedup_idx"
2026-06-04 11:53:36.573 +03 [69148] DETAIL:  Key (workspace_id, alert_key)=(8c8d3225-b586-4fa0-bc21-03027dfa9a5c, operator.overloaded) already exists.
2026-06-04 11:53:36.573 +03 [69148] STATEMENT:  INSERT INTO "public"."control_tower_alerts" ("id","severity","category","alert_key","workspace_id","workspace_type","title","description","created_at") VALUES ($1,$2,$3,$4,$5,$6,$7,$8,$9) RETURNING "public"."control_tower_alerts"."id", "public"."control_tower_alerts"."severity", "public"."control_tower_alerts"."category", "public"."control_tower_alerts"."alert_key", "public"."control_tower_alerts"."workspace_id", "public"."control_tower_alerts"."workspace_type", "public"."control_tower_alerts"."title", "public"."control_tower_alerts"."description", "public"."control_tower_alerts"."resolved_at", "public"."control_tower_alerts"."resolved_by_id", "public"."control_tower_alerts"."created_at"
2026-06-04 11:53:36.610 +03 [69158] LOG:  unexpected EOF on client connection with an open transaction
2026-06-04 11:53:36.610 +03 [69157] LOG:  unexpected EOF on client connection with an open transaction
2026-06-04 11:53:36.610 +03 [69159] LOG:  unexpected EOF on client connection with an open transaction
2026-06-04 11:53:36.610 +03 [69160] LOG:  unexpected EOF on client connection with an open transaction
2026-06-04 11:53:37.005 +03 [69147] LOG:  unexpected EOF on client connection with an open transaction
2026-06-04 11:53:37.198 +03 [69179] LOG:  unexpected EOF on client connection with an open transaction
2026-06-04 11:53:37.198 +03 [69178] LOG:  unexpected EOF on client connection with an open transaction
2026-06-04 11:53:37.198 +03 [69177] LOG:  unexpected EOF on client connection with an open transaction
2026-06-04 11:53:37.198 +03 [69173] LOG:  unexpected EOF on client connection with an open transaction
2026-06-04 11:53:37.474 +03 [69187] LOG:  unexpected EOF on client connection with an open transaction
2026-06-04 11:53:37.474 +03 [69185] LOG:  unexpected EOF on client connection with an open transaction
2026-06-04 11:53:37.474 +03 [69184] LOG:  unexpected EOF on client connection with an open transaction
2026-06-04 11:53:37.474 +03 [69186] LOG:  unexpected EOF on client connection with an open transaction
2026-06-04 11:53:37.510 +03 [69176] ERROR:  duplicate key value violates unique constraint "control_tower_alerts_open_dedup_idx"
2026-06-04 11:53:37.510 +03 [69176] DETAIL:  Key (workspace_id, alert_key)=(8c8d3225-b586-4fa0-bc21-03027dfa9a5c, operator.overloaded) already exists.
2026-06-04 11:53:37.510 +03 [69176] STATEMENT:  INSERT INTO "public"."control_tower_alerts" ("id","severity","category","alert_key","workspace_id","workspace_type","title","description","created_at") VALUES ($1,$2,$3,$4,$5,$6,$7,$8,$9) RETURNING "public"."control_tower_alerts"."id", "public"."control_tower_alerts"."severity", "public"."control_tower_alerts"."category", "public"."control_tower_alerts"."alert_key", "public"."control_tower_alerts"."workspace_id", "public"."control_tower_alerts"."workspace_type", "public"."control_tower_alerts"."title", "public"."control_tower_alerts"."description", "public"."control_tower_alerts"."resolved_at", "public"."control_tower_alerts"."resolved_by_id", "public"."control_tower_alerts"."created_at"
2026-06-04 11:53:39.827 +03 [69214] LOG:  unexpected EOF on client connection with an open transaction
2026-06-04 11:53:39.827 +03 [69208] LOG:  unexpected EOF on client connection with an open transaction
2026-06-04 11:53:39.827 +03 [69213] LOG:  unexpected EOF on client connection with an open transaction
2026-06-04 11:53:39.827 +03 [69212] LOG:  unexpected EOF on client connection with an open transaction
2026-06-04 11:53:39.942 +03 [69211] ERROR:  duplicate key value violates unique constraint "control_tower_alerts_open_dedup_idx"
2026-06-04 11:53:39.942 +03 [69211] DETAIL:  Key (workspace_id, alert_key)=(8c8d3225-b586-4fa0-bc21-03027dfa9a5c, operator.overloaded) already exists.
2026-06-04 11:53:39.942 +03 [69211] STATEMENT:  INSERT INTO "public"."control_tower_alerts" ("id","severity","category","alert_key","workspace_id","workspace_type","title","description","created_at") VALUES ($1,$2,$3,$4,$5,$6,$7,$8,$9) RETURNING "public"."control_tower_alerts"."id", "public"."control_tower_alerts"."severity", "public"."control_tower_alerts"."category", "public"."control_tower_alerts"."alert_key", "public"."control_tower_alerts"."workspace_id", "public"."control_tower_alerts"."workspace_type", "public"."control_tower_alerts"."title", "public"."control_tower_alerts"."description", "public"."control_tower_alerts"."resolved_at", "public"."control_tower_alerts"."resolved_by_id", "public"."control_tower_alerts"."created_at"
2026-06-04 11:53:40.365 +03 [69225] LOG:  unexpected EOF on client connection with an open transaction
2026-06-04 11:53:40.365 +03 [69227] LOG:  unexpected EOF on client connection with an open transaction
2026-06-04 11:53:40.365 +03 [69226] LOG:  unexpected EOF on client connection with an open transaction
2026-06-04 11:53:45.684 +03 [69271] LOG:  unexpected EOF on client connection with an open transaction
2026-06-04 11:53:45.684 +03 [69270] LOG:  unexpected EOF on client connection with an open transaction
2026-06-04 11:53:45.684 +03 [69269] LOG:  unexpected EOF on client connection with an open transaction
2026-06-04 11:53:45.684 +03 [69265] LOG:  unexpected EOF on client connection with an open transaction
2026-06-04 11:53:45.740 +03 [69283] LOG:  unexpected EOF on client connection with an open transaction
2026-06-04 11:53:45.740 +03 [69282] LOG:  unexpected EOF on client connection with an open transaction
2026-06-04 11:53:45.740 +03 [69281] LOG:  unexpected EOF on client connection with an open transaction
2026-06-04 11:53:45.872 +03 [69272] ERROR:  duplicate key value violates unique constraint "control_tower_alerts_open_dedup_idx"
2026-06-04 11:53:45.872 +03 [69272] DETAIL:  Key (workspace_id, alert_key)=(8c8d3225-b586-4fa0-bc21-03027dfa9a5c, operator.overloaded) already exists.
2026-06-04 11:53:45.872 +03 [69272] STATEMENT:  INSERT INTO "public"."control_tower_alerts" ("id","severity","category","alert_key","workspace_id","workspace_type","title","description","created_at") VALUES ($1,$2,$3,$4,$5,$6,$7,$8,$9) RETURNING "public"."control_tower_alerts"."id", "public"."control_tower_alerts"."severity", "public"."control_tower_alerts"."category", "public"."control_tower_alerts"."alert_key", "public"."control_tower_alerts"."workspace_id", "public"."control_tower_alerts"."workspace_type", "public"."control_tower_alerts"."title", "public"."control_tower_alerts"."description", "public"."control_tower_alerts"."resolved_at", "public"."control_tower_alerts"."resolved_by_id", "public"."control_tower_alerts"."created_at"
2026-06-04 11:53:46.334 +03 [69267] LOG:  unexpected EOF on client connection with an open transaction
2026-06-04 11:53:46.477 +03 [69306] LOG:  unexpected EOF on client connection with an open transaction
2026-06-04 11:53:46.477 +03 [69305] LOG:  unexpected EOF on client connection with an open transaction
2026-06-04 11:53:46.477 +03 [69304] LOG:  unexpected EOF on client connection with an open transaction
2026-06-04 11:53:46.477 +03 [69292] LOG:  unexpected EOF on client connection with an open transaction
2026-06-04 11:53:46.745 +03 [69311] LOG:  unexpected EOF on client connection with an open transaction
2026-06-04 11:53:46.745 +03 [69310] LOG:  unexpected EOF on client connection with an open transaction
2026-06-04 11:53:46.745 +03 [69309] LOG:  unexpected EOF on client connection with an open transaction
2026-06-04 11:53:46.745 +03 [69308] LOG:  unexpected EOF on client connection with an open transaction
2026-06-04 11:53:46.890 +03 [69295] ERROR:  duplicate key value violates unique constraint "control_tower_alerts_open_dedup_idx"
2026-06-04 11:53:46.890 +03 [69295] DETAIL:  Key (workspace_id, alert_key)=(8c8d3225-b586-4fa0-bc21-03027dfa9a5c, operator.overloaded) already exists.
2026-06-04 11:53:46.890 +03 [69295] STATEMENT:  INSERT INTO "public"."control_tower_alerts" ("id","severity","category","alert_key","workspace_id","workspace_type","title","description","created_at") VALUES ($1,$2,$3,$4,$5,$6,$7,$8,$9) RETURNING "public"."control_tower_alerts"."id", "public"."control_tower_alerts"."severity", "public"."control_tower_alerts"."category", "public"."control_tower_alerts"."alert_key", "public"."control_tower_alerts"."workspace_id", "public"."control_tower_alerts"."workspace_type", "public"."control_tower_alerts"."title", "public"."control_tower_alerts"."description", "public"."control_tower_alerts"."resolved_at", "public"."control_tower_alerts"."resolved_by_id", "public"."control_tower_alerts"."created_at"
2026-06-04 11:54:22.238 +03 [4250] LOG:  checkpoint starting: time
2026-06-04 11:55:16.395 +03 [4250] LOG:  checkpoint complete: wrote 533 buffers (3.3%); 0 WAL file(s) added, 0 removed, 0 recycled; write=54.154 s, sync=0.001 s, total=54.158 s; sync files=63, longest=0.001 s, average=0.001 s; distance=3402 kB, estimate=5510 kB
2026-06-04 11:56:08.168 +03 [70247] LOG:  unexpected EOF on client connection with an open transaction
2026-06-04 11:56:08.168 +03 [70242] LOG:  unexpected EOF on client connection with an open transaction
2026-06-04 11:56:08.168 +03 [70248] LOG:  unexpected EOF on client connection with an open transaction
2026-06-04 11:56:08.168 +03 [70249] LOG:  unexpected EOF on client connection with an open transaction
2026-06-04 11:56:08.317 +03 [70251] LOG:  could not receive data from client: Connection reset by peer
2026-06-04 11:56:08.317 +03 [70253] LOG:  could not receive data from client: Connection reset by peer
2026-06-04 11:56:08.317 +03 [70250] LOG:  unexpected EOF on client connection with an open transaction
2026-06-04 11:56:08.451 +03 [70244] ERROR:  duplicate key value violates unique constraint "control_tower_alerts_open_dedup_idx"
2026-06-04 11:56:08.451 +03 [70244] DETAIL:  Key (workspace_id, alert_key)=(8c8d3225-b586-4fa0-bc21-03027dfa9a5c, operator.overloaded) already exists.
2026-06-04 11:56:08.451 +03 [70244] STATEMENT:  INSERT INTO "public"."control_tower_alerts" ("id","severity","category","alert_key","workspace_id","workspace_type","title","description","created_at") VALUES ($1,$2,$3,$4,$5,$6,$7,$8,$9) RETURNING "public"."control_tower_alerts"."id", "public"."control_tower_alerts"."severity", "public"."control_tower_alerts"."category", "public"."control_tower_alerts"."alert_key", "public"."control_tower_alerts"."workspace_id", "public"."control_tower_alerts"."workspace_type", "public"."control_tower_alerts"."title", "public"."control_tower_alerts"."description", "public"."control_tower_alerts"."resolved_at", "public"."control_tower_alerts"."resolved_by_id", "public"."control_tower_alerts"."created_at"
2026-06-04 11:56:10.023 +03 [70272] LOG:  unexpected EOF on client connection with an open transaction
2026-06-04 11:56:10.023 +03 [70271] LOG:  unexpected EOF on client connection with an open transaction
2026-06-04 11:56:10.092 +03 [70274] LOG:  unexpected EOF on client connection with an open transaction
2026-06-04 11:56:10.092 +03 [70273] LOG:  unexpected EOF on client connection with an open transaction
2026-06-04 11:56:10.092 +03 [70275] LOG:  unexpected EOF on client connection with an open transaction
2026-06-04 11:56:10.092 +03 [70269] LOG:  unexpected EOF on client connection with an open transaction
2026-06-04 11:56:10.477 +03 [70294] LOG:  unexpected EOF on client connection with an open transaction
2026-06-04 11:56:10.477 +03 [70293] LOG:  unexpected EOF on client connection with an open transaction
2026-06-04 11:56:10.477 +03 [70292] LOG:  unexpected EOF on client connection with an open transaction
2026-06-04 11:56:10.477 +03 [70288] LOG:  unexpected EOF on client connection with an open transaction
2026-06-04 11:56:10.599 +03 [70307] LOG:  unexpected EOF on client connection with an open transaction
2026-06-04 11:56:10.599 +03 [70304] LOG:  unexpected EOF on client connection with an open transaction
2026-06-04 11:56:10.599 +03 [70306] LOG:  unexpected EOF on client connection with an open transaction
2026-06-04 11:56:10.599 +03 [70305] LOG:  unexpected EOF on client connection with an open transaction
2026-06-04 11:56:10.638 +03 [70297] ERROR:  duplicate key value violates unique constraint "control_tower_alerts_open_dedup_idx"
2026-06-04 11:56:10.638 +03 [70297] DETAIL:  Key (workspace_id, alert_key)=(8c8d3225-b586-4fa0-bc21-03027dfa9a5c, operator.overloaded) already exists.
2026-06-04 11:56:10.638 +03 [70297] STATEMENT:  INSERT INTO "public"."control_tower_alerts" ("id","severity","category","alert_key","workspace_id","workspace_type","title","description","created_at") VALUES ($1,$2,$3,$4,$5,$6,$7,$8,$9) RETURNING "public"."control_tower_alerts"."id", "public"."control_tower_alerts"."severity", "public"."control_tower_alerts"."category", "public"."control_tower_alerts"."alert_key", "public"."control_tower_alerts"."workspace_id", "public"."control_tower_alerts"."workspace_type", "public"."control_tower_alerts"."title", "public"."control_tower_alerts"."description", "public"."control_tower_alerts"."resolved_at", "public"."control_tower_alerts"."resolved_by_id", "public"."control_tower_alerts"."created_at"
2026-06-04 11:56:19.145 +03 [70374] LOG:  unexpected EOF on client connection with an open transaction
2026-06-04 11:56:19.145 +03 [70373] LOG:  unexpected EOF on client connection with an open transaction
2026-06-04 11:56:19.145 +03 [70372] LOG:  unexpected EOF on client connection with an open transaction
2026-06-04 11:56:19.146 +03 [70368] LOG:  unexpected EOF on client connection with an open transaction
2026-06-04 11:56:19.473 +03 [70375] ERROR:  duplicate key value violates unique constraint "control_tower_alerts_open_dedup_idx"
2026-06-04 11:56:19.473 +03 [70375] DETAIL:  Key (workspace_id, alert_key)=(8c8d3225-b586-4fa0-bc21-03027dfa9a5c, operator.overloaded) already exists.
2026-06-04 11:56:19.473 +03 [70375] STATEMENT:  INSERT INTO "public"."control_tower_alerts" ("id","severity","category","alert_key","workspace_id","workspace_type","title","description","created_at") VALUES ($1,$2,$3,$4,$5,$6,$7,$8,$9) RETURNING "public"."control_tower_alerts"."id", "public"."control_tower_alerts"."severity", "public"."control_tower_alerts"."category", "public"."control_tower_alerts"."alert_key", "public"."control_tower_alerts"."workspace_id", "public"."control_tower_alerts"."workspace_type", "public"."control_tower_alerts"."title", "public"."control_tower_alerts"."description", "public"."control_tower_alerts"."resolved_at", "public"."control_tower_alerts"."resolved_by_id", "public"."control_tower_alerts"."created_at"
2026-06-04 11:56:19.610 +03 [70388] LOG:  unexpected EOF on client connection with an open transaction
2026-06-04 11:56:19.610 +03 [70385] LOG:  unexpected EOF on client connection with an open transaction
2026-06-04 11:56:19.610 +03 [70387] LOG:  unexpected EOF on client connection with an open transaction
2026-06-04 11:56:19.610 +03 [70386] LOG:  unexpected EOF on client connection with an open transaction
2026-06-04 11:56:20.764 +03 [70410] LOG:  unexpected EOF on client connection with an open transaction
2026-06-04 11:56:20.764 +03 [70401] LOG:  unexpected EOF on client connection with an open transaction
2026-06-04 11:56:20.765 +03 [70408] LOG:  unexpected EOF on client connection with an open transaction
2026-06-04 11:56:20.764 +03 [70409] LOG:  unexpected EOF on client connection with an open transaction
2026-06-04 11:56:20.841 +03 [70414] LOG:  could not receive data from client: Connection reset by peer
2026-06-04 11:56:20.841 +03 [70413] LOG:  could not receive data from client: Connection reset by peer
2026-06-04 11:56:20.841 +03 [70412] LOG:  unexpected EOF on client connection with an open transaction
2026-06-04 11:56:20.841 +03 [70413] LOG:  unexpected EOF on client connection with an open transaction
2026-06-04 11:56:21.030 +03 [70403] ERROR:  duplicate key value violates unique constraint "control_tower_alerts_open_dedup_idx"
2026-06-04 11:56:21.030 +03 [70403] DETAIL:  Key (workspace_id, alert_key)=(8c8d3225-b586-4fa0-bc21-03027dfa9a5c, operator.overloaded) already exists.
2026-06-04 11:56:21.030 +03 [70403] STATEMENT:  INSERT INTO "public"."control_tower_alerts" ("id","severity","category","alert_key","workspace_id","workspace_type","title","description","created_at") VALUES ($1,$2,$3,$4,$5,$6,$7,$8,$9) RETURNING "public"."control_tower_alerts"."id", "public"."control_tower_alerts"."severity", "public"."control_tower_alerts"."category", "public"."control_tower_alerts"."alert_key", "public"."control_tower_alerts"."workspace_id", "public"."control_tower_alerts"."workspace_type", "public"."control_tower_alerts"."title", "public"."control_tower_alerts"."description", "public"."control_tower_alerts"."resolved_at", "public"."control_tower_alerts"."resolved_by_id", "public"."control_tower_alerts"."created_at"
2026-06-04 11:56:21.075 +03 [70402] LOG:  unexpected EOF on client connection with an open transaction
2026-06-04 11:56:21.581 +03 [70440] LOG:  unexpected EOF on client connection with an open transaction
2026-06-04 11:56:21.581 +03 [70438] LOG:  unexpected EOF on client connection with an open transaction
2026-06-04 11:56:21.581 +03 [70439] LOG:  unexpected EOF on client connection with an open transaction
2026-06-04 11:56:21.581 +03 [70436] LOG:  unexpected EOF on client connection with an open transaction
2026-06-04 11:56:21.584 +03 [70442] LOG:  unexpected EOF on client connection with an open transaction
2026-06-04 11:56:21.584 +03 [70443] LOG:  unexpected EOF on client connection with an open transaction
2026-06-04 11:56:21.584 +03 [70437] LOG:  unexpected EOF on client connection with an open transaction
2026-06-04 11:56:21.584 +03 [70441] LOG:  unexpected EOF on client connection with an open transaction
2026-06-04 11:56:21.690 +03 [70431] ERROR:  duplicate key value violates unique constraint "control_tower_alerts_open_dedup_idx"
2026-06-04 11:56:21.690 +03 [70431] DETAIL:  Key (workspace_id, alert_key)=(8c8d3225-b586-4fa0-bc21-03027dfa9a5c, operator.overloaded) already exists.
2026-06-04 11:56:21.690 +03 [70431] STATEMENT:  INSERT INTO "public"."control_tower_alerts" ("id","severity","category","alert_key","workspace_id","workspace_type","title","description","created_at") VALUES ($1,$2,$3,$4,$5,$6,$7,$8,$9) RETURNING "public"."control_tower_alerts"."id", "public"."control_tower_alerts"."severity", "public"."control_tower_alerts"."category", "public"."control_tower_alerts"."alert_key", "public"."control_tower_alerts"."workspace_id", "public"."control_tower_alerts"."workspace_type", "public"."control_tower_alerts"."title", "public"."control_tower_alerts"."description", "public"."control_tower_alerts"."resolved_at", "public"."control_tower_alerts"."resolved_by_id", "public"."control_tower_alerts"."created_at"
2026-06-04 11:56:23.980 +03 [70470] LOG:  unexpected EOF on client connection with an open transaction
2026-06-04 11:56:23.980 +03 [70468] LOG:  unexpected EOF on client connection with an open transaction
2026-06-04 11:56:23.980 +03 [70464] LOG:  unexpected EOF on client connection with an open transaction
2026-06-04 11:56:23.980 +03 [70469] LOG:  unexpected EOF on client connection with an open transaction
2026-06-04 11:56:24.231 +03 [70474] ERROR:  duplicate key value violates unique constraint "control_tower_alerts_open_dedup_idx"
2026-06-04 11:56:24.231 +03 [70474] DETAIL:  Key (workspace_id, alert_key)=(8c8d3225-b586-4fa0-bc21-03027dfa9a5c, operator.overloaded) already exists.
2026-06-04 11:56:24.231 +03 [70474] STATEMENT:  INSERT INTO "public"."control_tower_alerts" ("id","severity","category","alert_key","workspace_id","workspace_type","title","description","created_at") VALUES ($1,$2,$3,$4,$5,$6,$7,$8,$9) RETURNING "public"."control_tower_alerts"."id", "public"."control_tower_alerts"."severity", "public"."control_tower_alerts"."category", "public"."control_tower_alerts"."alert_key", "public"."control_tower_alerts"."workspace_id", "public"."control_tower_alerts"."workspace_type", "public"."control_tower_alerts"."title", "public"."control_tower_alerts"."description", "public"."control_tower_alerts"."resolved_at", "public"."control_tower_alerts"."resolved_by_id", "public"."control_tower_alerts"."created_at"
2026-06-04 11:56:24.586 +03 [70487] LOG:  unexpected EOF on client connection with an open transaction
2026-06-04 11:56:24.586 +03 [70489] LOG:  unexpected EOF on client connection with an open transaction
2026-06-04 11:56:24.586 +03 [70488] LOG:  unexpected EOF on client connection with an open transaction
2026-06-04 11:56:24.586 +03 [70486] LOG:  unexpected EOF on client connection with an open transaction
2026-06-04 11:59:22.396 +03 [4250] LOG:  checkpoint starting: time
2026-06-04 12:00:02.751 +03 [4250] LOG:  checkpoint complete: wrote 399 buffers (2.4%); 0 WAL file(s) added, 0 removed, 0 recycled; write=40.346 s, sync=0.004 s, total=40.355 s; sync files=45, longest=0.001 s, average=0.001 s; distance=2476 kB, estimate=5206 kB
2026-06-04 12:03:55.444 +03 [73376] LOG:  unexpected EOF on client connection with an open transaction
2026-06-04 12:03:55.444 +03 [73374] LOG:  unexpected EOF on client connection with an open transaction
2026-06-04 12:03:55.444 +03 [73375] LOG:  unexpected EOF on client connection with an open transaction
2026-06-04 12:03:55.444 +03 [73370] LOG:  unexpected EOF on client connection with an open transaction
2026-06-04 12:03:55.746 +03 [73380] ERROR:  duplicate key value violates unique constraint "control_tower_alerts_open_dedup_idx"
2026-06-04 12:03:55.746 +03 [73380] DETAIL:  Key (workspace_id, alert_key)=(8c8d3225-b586-4fa0-bc21-03027dfa9a5c, operator.overloaded) already exists.
2026-06-04 12:03:55.746 +03 [73380] STATEMENT:  INSERT INTO "public"."control_tower_alerts" ("id","severity","category","alert_key","workspace_id","workspace_type","title","description","created_at") VALUES ($1,$2,$3,$4,$5,$6,$7,$8,$9) RETURNING "public"."control_tower_alerts"."id", "public"."control_tower_alerts"."severity", "public"."control_tower_alerts"."category", "public"."control_tower_alerts"."alert_key", "public"."control_tower_alerts"."workspace_id", "public"."control_tower_alerts"."workspace_type", "public"."control_tower_alerts"."title", "public"."control_tower_alerts"."description", "public"."control_tower_alerts"."resolved_at", "public"."control_tower_alerts"."resolved_by_id", "public"."control_tower_alerts"."created_at"
2026-06-04 12:03:55.765 +03 [73383] LOG:  unexpected EOF on client connection with an open transaction
2026-06-04 12:03:55.765 +03 [73381] LOG:  unexpected EOF on client connection with an open transaction
2026-06-04 12:03:55.765 +03 [73382] LOG:  unexpected EOF on client connection with an open transaction
2026-06-04 12:03:55.765 +03 [73384] LOG:  unexpected EOF on client connection with an open transaction
2026-06-04 12:04:22.644 +03 [4250] LOG:  checkpoint starting: time
2026-06-04 12:04:48.391 +03 [4250] LOG:  checkpoint complete: wrote 256 buffers (1.6%); 0 WAL file(s) added, 0 removed, 0 recycled; write=25.739 s, sync=0.003 s, total=25.748 s; sync files=42, longest=0.001 s, average=0.001 s; distance=1507 kB, estimate=4836 kB
2026-06-04 12:09:22.386 +03 [4250] LOG:  checkpoint starting: time
2026-06-04 12:09:30.149 +03 [4250] LOG:  checkpoint complete: wrote 77 buffers (0.5%); 0 WAL file(s) added, 0 removed, 0 recycled; write=7.758 s, sync=0.003 s, total=7.763 s; sync files=34, longest=0.001 s, average=0.001 s; distance=404 kB, estimate=4393 kB
2026-06-04 12:14:22.144 +03 [4250] LOG:  checkpoint starting: time
2026-06-04 12:14:31.222 +03 [4250] LOG:  checkpoint complete: wrote 90 buffers (0.5%); 0 WAL file(s) added, 0 removed, 0 recycled; write=9.071 s, sync=0.005 s, total=9.079 s; sync files=36, longest=0.001 s, average=0.001 s; distance=484 kB, estimate=4002 kB
2026-06-04 12:18:55.638 +03 [78140] ERROR:  duplicate key value violates unique constraint "control_tower_alerts_open_dedup_idx"
2026-06-04 12:18:55.638 +03 [78140] DETAIL:  Key (workspace_id, alert_key)=(8c8d3225-b586-4fa0-bc21-03027dfa9a5c, operator.overloaded) already exists.
2026-06-04 12:18:55.638 +03 [78140] STATEMENT:  INSERT INTO "public"."control_tower_alerts" ("id","severity","category","alert_key","workspace_id","workspace_type","title","description","created_at") VALUES ($1,$2,$3,$4,$5,$6,$7,$8,$9) RETURNING "public"."control_tower_alerts"."id", "public"."control_tower_alerts"."severity", "public"."control_tower_alerts"."category", "public"."control_tower_alerts"."alert_key", "public"."control_tower_alerts"."workspace_id", "public"."control_tower_alerts"."workspace_type", "public"."control_tower_alerts"."title", "public"."control_tower_alerts"."description", "public"."control_tower_alerts"."resolved_at", "public"."control_tower_alerts"."resolved_by_id", "public"."control_tower_alerts"."created_at"
2026-06-04 12:19:22.218 +03 [4250] LOG:  checkpoint starting: time
2026-06-04 12:19:37.638 +03 [4250] LOG:  checkpoint complete: wrote 152 buffers (0.9%); 0 WAL file(s) added, 0 removed, 1 recycled; write=15.409 s, sync=0.006 s, total=15.421 s; sync files=65, longest=0.001 s, average=0.001 s; distance=828 kB, estimate=3685 kB
2026-06-04 12:21:37.923 +03 [80246] LOG:  unexpected EOF on client connection with an open transaction
2026-06-04 12:21:37.923 +03 [80245] LOG:  unexpected EOF on client connection with an open transaction
2026-06-04 12:21:37.923 +03 [80244] LOG:  unexpected EOF on client connection with an open transaction
2026-06-04 12:21:37.923 +03 [80242] LOG:  unexpected EOF on client connection with an open transaction
2026-06-04 12:21:38.160 +03 [80249] ERROR:  duplicate key value violates unique constraint "control_tower_alerts_open_dedup_idx"
2026-06-04 12:21:38.160 +03 [80249] DETAIL:  Key (workspace_id, alert_key)=(8c8d3225-b586-4fa0-bc21-03027dfa9a5c, operator.overloaded) already exists.
2026-06-04 12:21:38.160 +03 [80249] STATEMENT:  INSERT INTO "public"."control_tower_alerts" ("id","severity","category","alert_key","workspace_id","workspace_type","title","description","created_at") VALUES ($1,$2,$3,$4,$5,$6,$7,$8,$9) RETURNING "public"."control_tower_alerts"."id", "public"."control_tower_alerts"."severity", "public"."control_tower_alerts"."category", "public"."control_tower_alerts"."alert_key", "public"."control_tower_alerts"."workspace_id", "public"."control_tower_alerts"."workspace_type", "public"."control_tower_alerts"."title", "public"."control_tower_alerts"."description", "public"."control_tower_alerts"."resolved_at", "public"."control_tower_alerts"."resolved_by_id", "public"."control_tower_alerts"."created_at"
2026-06-04 12:21:39.634 +03 [80278] LOG:  unexpected EOF on client connection with an open transaction
2026-06-04 12:21:39.634 +03 [80277] LOG:  unexpected EOF on client connection with an open transaction
2026-06-04 12:21:39.634 +03 [80276] LOG:  unexpected EOF on client connection with an open transaction
2026-06-04 12:21:39.634 +03 [80271] LOG:  unexpected EOF on client connection with an open transaction
2026-06-04 12:21:39.968 +03 [80279] ERROR:  duplicate key value violates unique constraint "control_tower_alerts_open_dedup_idx"
2026-06-04 12:21:39.968 +03 [80279] DETAIL:  Key (workspace_id, alert_key)=(8c8d3225-b586-4fa0-bc21-03027dfa9a5c, operator.overloaded) already exists.
2026-06-04 12:21:39.968 +03 [80279] STATEMENT:  INSERT INTO "public"."control_tower_alerts" ("id","severity","category","alert_key","workspace_id","workspace_type","title","description","created_at") VALUES ($1,$2,$3,$4,$5,$6,$7,$8,$9) RETURNING "public"."control_tower_alerts"."id", "public"."control_tower_alerts"."severity", "public"."control_tower_alerts"."category", "public"."control_tower_alerts"."alert_key", "public"."control_tower_alerts"."workspace_id", "public"."control_tower_alerts"."workspace_type", "public"."control_tower_alerts"."title", "public"."control_tower_alerts"."description", "public"."control_tower_alerts"."resolved_at", "public"."control_tower_alerts"."resolved_by_id", "public"."control_tower_alerts"."created_at"
2026-06-04 12:21:40.036 +03 [80291] LOG:  unexpected EOF on client connection with an open transaction
2026-06-04 12:21:40.036 +03 [80290] LOG:  unexpected EOF on client connection with an open transaction
2026-06-04 12:21:40.036 +03 [80288] LOG:  unexpected EOF on client connection with an open transaction
2026-06-04 12:21:40.036 +03 [80289] LOG:  unexpected EOF on client connection with an open transaction
2026-06-04 12:24:22.633 +03 [4250] LOG:  checkpoint starting: time
2026-06-04 12:25:06.473 +03 [4250] LOG:  checkpoint complete: wrote 435 buffers (2.7%); 0 WAL file(s) added, 0 removed, 0 recycled; write=43.832 s, sync=0.004 s, total=43.840 s; sync files=95, longest=0.001 s, average=0.001 s; distance=2604 kB, estimate=3577 kB
2026-06-04 12:29:22.469 +03 [4250] LOG:  checkpoint starting: time
2026-06-04 12:29:44.896 +03 [4250] LOG:  checkpoint complete: wrote 220 buffers (1.3%); 0 WAL file(s) added, 0 removed, 0 recycled; write=22.422 s, sync=0.002 s, total=22.428 s; sync files=69, longest=0.001 s, average=0.001 s; distance=921 kB, estimate=3311 kB
2026-06-04 12:33:32.728 +03 [84896] LOG:  unexpected EOF on client connection with an open transaction
2026-06-04 12:33:32.729 +03 [84895] LOG:  unexpected EOF on client connection with an open transaction
2026-06-04 12:33:32.729 +03 [84886] LOG:  unexpected EOF on client connection with an open transaction
2026-06-04 12:33:32.729 +03 [84894] LOG:  unexpected EOF on client connection with an open transaction
2026-06-04 12:33:32.981 +03 [84898] ERROR:  duplicate key value violates unique constraint "control_tower_alerts_open_dedup_idx"
2026-06-04 12:33:32.981 +03 [84898] DETAIL:  Key (workspace_id, alert_key)=(8c8d3225-b586-4fa0-bc21-03027dfa9a5c, operator.overloaded) already exists.
2026-06-04 12:33:32.981 +03 [84898] STATEMENT:  INSERT INTO "public"."control_tower_alerts" ("id","severity","category","alert_key","workspace_id","workspace_type","title","description","created_at") VALUES ($1,$2,$3,$4,$5,$6,$7,$8,$9) RETURNING "public"."control_tower_alerts"."id", "public"."control_tower_alerts"."severity", "public"."control_tower_alerts"."category", "public"."control_tower_alerts"."alert_key", "public"."control_tower_alerts"."workspace_id", "public"."control_tower_alerts"."workspace_type", "public"."control_tower_alerts"."title", "public"."control_tower_alerts"."description", "public"."control_tower_alerts"."resolved_at", "public"."control_tower_alerts"."resolved_by_id", "public"."control_tower_alerts"."created_at"
2026-06-04 12:33:33.005 +03 [84902] LOG:  unexpected EOF on client connection with an open transaction
2026-06-04 12:33:33.005 +03 [84903] LOG:  unexpected EOF on client connection with an open transaction
2026-06-04 12:33:33.005 +03 [84904] LOG:  unexpected EOF on client connection with an open transaction
2026-06-04 12:33:33.005 +03 [84901] LOG:  unexpected EOF on client connection with an open transaction
2026-06-04 12:33:40.140 +03 [84961] LOG:  could not receive data from client: Connection reset by peer
2026-06-04 12:33:40.140 +03 [84956] LOG:  unexpected EOF on client connection with an open transaction
2026-06-04 12:33:40.140 +03 [84960] LOG:  could not receive data from client: Connection reset by peer
2026-06-04 12:33:40.140 +03 [84960] LOG:  unexpected EOF on client connection with an open transaction
2026-06-04 12:33:40.386 +03 [84959] ERROR:  duplicate key value violates unique constraint "control_tower_alerts_open_dedup_idx"
2026-06-04 12:33:40.386 +03 [84959] DETAIL:  Key (workspace_id, alert_key)=(8c8d3225-b586-4fa0-bc21-03027dfa9a5c, operator.overloaded) already exists.
2026-06-04 12:33:40.386 +03 [84959] STATEMENT:  INSERT INTO "public"."control_tower_alerts" ("id","severity","category","alert_key","workspace_id","workspace_type","title","description","created_at") VALUES ($1,$2,$3,$4,$5,$6,$7,$8,$9) RETURNING "public"."control_tower_alerts"."id", "public"."control_tower_alerts"."severity", "public"."control_tower_alerts"."category", "public"."control_tower_alerts"."alert_key", "public"."control_tower_alerts"."workspace_id", "public"."control_tower_alerts"."workspace_type", "public"."control_tower_alerts"."title", "public"."control_tower_alerts"."description", "public"."control_tower_alerts"."resolved_at", "public"."control_tower_alerts"."resolved_by_id", "public"."control_tower_alerts"."created_at"
2026-06-04 12:33:40.531 +03 [84957] LOG:  unexpected EOF on client connection with an open transaction
2026-06-04 12:33:41.408 +03 [84994] LOG:  unexpected EOF on client connection with an open transaction
2026-06-04 12:33:41.408 +03 [84996] LOG:  unexpected EOF on client connection with an open transaction
2026-06-04 12:33:41.408 +03 [84992] LOG:  unexpected EOF on client connection with an open transaction
2026-06-04 12:33:41.408 +03 [84995] LOG:  unexpected EOF on client connection with an open transaction
2026-06-04 12:33:41.415 +03 [84999] LOG:  unexpected EOF on client connection with an open transaction
2026-06-04 12:33:41.415 +03 [84997] LOG:  unexpected EOF on client connection with an open transaction
2026-06-04 12:33:41.415 +03 [84993] LOG:  unexpected EOF on client connection with an open transaction
2026-06-04 12:33:41.415 +03 [84998] LOG:  unexpected EOF on client connection with an open transaction
2026-06-04 12:33:41.487 +03 [84984] LOG:  unexpected EOF on client connection with an open transaction
2026-06-04 12:33:41.900 +03 [85025] LOG:  unexpected EOF on client connection with an open transaction
2026-06-04 12:33:41.900 +03 [85026] LOG:  unexpected EOF on client connection with an open transaction
2026-06-04 12:33:41.900 +03 [85027] LOG:  unexpected EOF on client connection with an open transaction
2026-06-04 12:33:41.900 +03 [85024] LOG:  unexpected EOF on client connection with an open transaction
2026-06-04 12:33:41.911 +03 [85018] LOG:  unexpected EOF on client connection with an open transaction
2026-06-04 12:33:41.911 +03 [85013] LOG:  unexpected EOF on client connection with an open transaction
2026-06-04 12:33:41.911 +03 [85017] LOG:  unexpected EOF on client connection with an open transaction
2026-06-04 12:33:41.911 +03 [85019] LOG:  unexpected EOF on client connection with an open transaction
2026-06-04 12:33:42.183 +03 [85014] ERROR:  duplicate key value violates unique constraint "control_tower_alerts_open_dedup_idx"
2026-06-04 12:33:42.183 +03 [85014] DETAIL:  Key (workspace_id, alert_key)=(8c8d3225-b586-4fa0-bc21-03027dfa9a5c, operator.overloaded) already exists.
2026-06-04 12:33:42.183 +03 [85014] STATEMENT:  INSERT INTO "public"."control_tower_alerts" ("id","severity","category","alert_key","workspace_id","workspace_type","title","description","created_at") VALUES ($1,$2,$3,$4,$5,$6,$7,$8,$9) RETURNING "public"."control_tower_alerts"."id", "public"."control_tower_alerts"."severity", "public"."control_tower_alerts"."category", "public"."control_tower_alerts"."alert_key", "public"."control_tower_alerts"."workspace_id", "public"."control_tower_alerts"."workspace_type", "public"."control_tower_alerts"."title", "public"."control_tower_alerts"."description", "public"."control_tower_alerts"."resolved_at", "public"."control_tower_alerts"."resolved_by_id", "public"."control_tower_alerts"."created_at"
2026-06-04 12:33:46.504 +03 [85066] LOG:  unexpected EOF on client connection with an open transaction
2026-06-04 12:33:46.504 +03 [85067] LOG:  unexpected EOF on client connection with an open transaction
2026-06-04 12:33:46.504 +03 [85063] LOG:  unexpected EOF on client connection with an open transaction
2026-06-04 12:33:46.504 +03 [85065] LOG:  unexpected EOF on client connection with an open transaction
2026-06-04 12:33:47.039 +03 [85076] LOG:  unexpected EOF on client connection with an open transaction
2026-06-04 12:33:47.039 +03 [85077] LOG:  unexpected EOF on client connection with an open transaction
2026-06-04 12:33:47.039 +03 [85079] LOG:  unexpected EOF on client connection with an open transaction
2026-06-04 12:33:47.039 +03 [85078] LOG:  unexpected EOF on client connection with an open transaction
2026-06-04 12:33:51.040 +03 [85118] LOG:  unexpected EOF on client connection with an open transaction
2026-06-04 12:33:51.040 +03 [85111] LOG:  unexpected EOF on client connection with an open transaction
2026-06-04 12:33:51.040 +03 [85117] LOG:  unexpected EOF on client connection with an open transaction
2026-06-04 12:33:51.040 +03 [85116] LOG:  unexpected EOF on client connection with an open transaction
2026-06-04 12:33:51.508 +03 [85130] LOG:  unexpected EOF on client connection with an open transaction
2026-06-04 12:33:51.508 +03 [85131] LOG:  unexpected EOF on client connection with an open transaction
2026-06-04 12:33:51.508 +03 [85132] LOG:  unexpected EOF on client connection with an open transaction
2026-06-04 12:33:51.508 +03 [85129] LOG:  unexpected EOF on client connection with an open transaction
2026-06-04 12:33:52.519 +03 [85158] LOG:  unexpected EOF on client connection with an open transaction
2026-06-04 12:33:52.519 +03 [85159] LOG:  unexpected EOF on client connection with an open transaction
2026-06-04 12:33:52.519 +03 [85157] LOG:  unexpected EOF on client connection with an open transaction
2026-06-04 12:33:52.706 +03 [85164] LOG:  unexpected EOF on client connection with an open transaction
2026-06-04 12:33:52.706 +03 [85162] LOG:  unexpected EOF on client connection with an open transaction
2026-06-04 12:33:52.706 +03 [85163] LOG:  unexpected EOF on client connection with an open transaction
2026-06-04 12:33:52.706 +03 [85161] LOG:  unexpected EOF on client connection with an open transaction
2026-06-04 12:33:53.504 +03 [85190] LOG:  could not receive data from client: Connection reset by peer
2026-06-04 12:33:53.504 +03 [85187] LOG:  unexpected EOF on client connection with an open transaction
2026-06-04 12:33:53.504 +03 [85188] LOG:  could not receive data from client: Connection reset by peer
2026-06-04 12:33:53.553 +03 [85182] LOG:  unexpected EOF on client connection with an open transaction
2026-06-04 12:33:53.553 +03 [85180] LOG:  unexpected EOF on client connection with an open transaction
2026-06-04 12:33:53.553 +03 [85181] LOG:  unexpected EOF on client connection with an open transaction
2026-06-04 12:33:53.553 +03 [85176] LOG:  unexpected EOF on client connection with an open transaction
2026-06-04 12:33:54.508 +03 [85213] LOG:  unexpected EOF on client connection with an open transaction
2026-06-04 12:33:54.508 +03 [85211] LOG:  unexpected EOF on client connection with an open transaction
2026-06-04 12:33:54.508 +03 [85212] LOG:  unexpected EOF on client connection with an open transaction
2026-06-04 12:33:54.508 +03 [85207] LOG:  unexpected EOF on client connection with an open transaction
2026-06-04 12:33:54.671 +03 [85221] LOG:  unexpected EOF on client connection with an open transaction
2026-06-04 12:33:54.671 +03 [85220] LOG:  unexpected EOF on client connection with an open transaction
2026-06-04 12:33:54.671 +03 [85218] LOG:  unexpected EOF on client connection with an open transaction
2026-06-04 12:33:54.671 +03 [85219] LOG:  unexpected EOF on client connection with an open transaction
2026-06-04 12:33:55.713 +03 [85243] LOG:  unexpected EOF on client connection with an open transaction
2026-06-04 12:33:55.713 +03 [85234] LOG:  unexpected EOF on client connection with an open transaction
2026-06-04 12:33:55.713 +03 [85241] LOG:  unexpected EOF on client connection with an open transaction
2026-06-04 12:33:55.713 +03 [85242] LOG:  unexpected EOF on client connection with an open transaction
2026-06-04 12:33:55.750 +03 [85247] LOG:  unexpected EOF on client connection with an open transaction
2026-06-04 12:33:55.750 +03 [85248] LOG:  unexpected EOF on client connection with an open transaction
2026-06-04 12:33:55.750 +03 [85246] LOG:  unexpected EOF on client connection with an open transaction
2026-06-04 12:33:55.750 +03 [85244] LOG:  unexpected EOF on client connection with an open transaction
2026-06-04 12:33:55.771 +03 [85236] LOG:  unexpected EOF on client connection with an open transaction
2026-06-04 12:33:55.772 +03 [85233] LOG:  unexpected EOF on client connection with an open transaction
2026-06-04 12:33:56.276 +03 [85271] LOG:  unexpected EOF on client connection with an open transaction
2026-06-04 12:33:56.276 +03 [85262] LOG:  unexpected EOF on client connection with an open transaction
2026-06-04 12:33:56.276 +03 [85272] LOG:  unexpected EOF on client connection with an open transaction
2026-06-04 12:33:56.276 +03 [85270] LOG:  unexpected EOF on client connection with an open transaction
2026-06-04 12:33:56.284 +03 [85274] LOG:  unexpected EOF on client connection with an open transaction
2026-06-04 12:33:56.284 +03 [85276] LOG:  unexpected EOF on client connection with an open transaction
2026-06-04 12:33:56.284 +03 [85273] LOG:  unexpected EOF on client connection with an open transaction
2026-06-04 12:33:56.284 +03 [85275] LOG:  unexpected EOF on client connection with an open transaction
2026-06-04 12:33:57.286 +03 [85303] LOG:  could not receive data from client: Connection reset by peer
2026-06-04 12:33:57.286 +03 [85302] LOG:  could not receive data from client: Connection reset by peer
2026-06-04 12:33:57.286 +03 [85301] LOG:  could not receive data from client: Connection reset by peer
2026-06-04 12:33:57.286 +03 [85300] LOG:  unexpected EOF on client connection with an open transaction
2026-06-04 12:33:57.392 +03 [85295] LOG:  unexpected EOF on client connection with an open transaction
2026-06-04 12:33:57.392 +03 [85294] LOG:  unexpected EOF on client connection with an open transaction
2026-06-04 12:33:57.392 +03 [85293] LOG:  unexpected EOF on client connection with an open transaction
2026-06-04 12:33:57.392 +03 [85289] LOG:  unexpected EOF on client connection with an open transaction
2026-06-04 12:33:58.301 +03 [85326] LOG:  could not receive data from client: Connection reset by peer
2026-06-04 12:33:58.301 +03 [85324] LOG:  unexpected EOF on client connection with an open transaction
2026-06-04 12:33:58.301 +03 [85325] LOG:  could not receive data from client: Connection reset by peer
2026-06-04 12:33:58.301 +03 [85325] LOG:  unexpected EOF on client connection with an open transaction
2026-06-04 12:33:58.440 +03 [85323] LOG:  unexpected EOF on client connection with an open transaction
2026-06-04 12:33:58.441 +03 [85330] LOG:  unexpected EOF on client connection with an open transaction
2026-06-04 12:33:58.441 +03 [85329] LOG:  unexpected EOF on client connection with an open transaction
2026-06-04 12:33:58.441 +03 [85328] LOG:  unexpected EOF on client connection with an open transaction
2026-06-04 12:33:59.663 +03 [85357] LOG:  unexpected EOF on client connection with an open transaction
2026-06-04 12:33:59.663 +03 [85355] LOG:  unexpected EOF on client connection with an open transaction
2026-06-04 12:33:59.663 +03 [85356] LOG:  unexpected EOF on client connection with an open transaction
2026-06-04 12:33:59.663 +03 [85351] LOG:  unexpected EOF on client connection with an open transaction
2026-06-04 12:33:59.675 +03 [85365] LOG:  unexpected EOF on client connection with an open transaction
2026-06-04 12:33:59.675 +03 [85363] LOG:  unexpected EOF on client connection with an open transaction
2026-06-04 12:33:59.675 +03 [85358] LOG:  unexpected EOF on client connection with an open transaction
2026-06-04 12:33:59.675 +03 [85364] LOG:  unexpected EOF on client connection with an open transaction
2026-06-04 12:34:01.295 +03 [85391] LOG:  unexpected EOF on client connection with an open transaction
2026-06-04 12:34:01.295 +03 [85389] LOG:  unexpected EOF on client connection with an open transaction
2026-06-04 12:34:01.295 +03 [85388] LOG:  unexpected EOF on client connection with an open transaction
2026-06-04 12:34:01.295 +03 [85383] LOG:  unexpected EOF on client connection with an open transaction
2026-06-04 12:34:01.297 +03 [85396] LOG:  could not receive data from client: Connection reset by peer
2026-06-04 12:34:01.297 +03 [85394] LOG:  could not receive data from client: Connection reset by peer
2026-06-04 12:34:01.297 +03 [85387] LOG:  unexpected EOF on client connection with an open transaction
2026-06-04 12:34:09.170 +03 [85460] LOG:  unexpected EOF on client connection with an open transaction
2026-06-04 12:34:09.170 +03 [85462] LOG:  unexpected EOF on client connection with an open transaction
2026-06-04 12:34:09.170 +03 [85461] LOG:  unexpected EOF on client connection with an open transaction
2026-06-04 12:34:09.170 +03 [85455] LOG:  unexpected EOF on client connection with an open transaction
2026-06-04 12:34:09.316 +03 [85469] LOG:  unexpected EOF on client connection with an open transaction
2026-06-04 12:34:09.316 +03 [85467] LOG:  unexpected EOF on client connection with an open transaction
2026-06-04 12:34:09.316 +03 [85466] LOG:  unexpected EOF on client connection with an open transaction
2026-06-04 12:34:09.556 +03 [85457] LOG:  unexpected EOF on client connection with an open transaction
2026-06-04 12:34:09.830 +03 [85488] LOG:  unexpected EOF on client connection with an open transaction
2026-06-04 12:34:09.830 +03 [85490] LOG:  unexpected EOF on client connection with an open transaction
2026-06-04 12:34:09.830 +03 [85482] LOG:  unexpected EOF on client connection with an open transaction
2026-06-04 12:34:09.933 +03 [85494] LOG:  unexpected EOF on client connection with an open transaction
2026-06-04 12:34:09.933 +03 [85496] LOG:  unexpected EOF on client connection with an open transaction
2026-06-04 12:34:09.933 +03 [85493] LOG:  unexpected EOF on client connection with an open transaction
2026-06-04 12:34:09.933 +03 [85495] LOG:  unexpected EOF on client connection with an open transaction
2026-06-04 12:34:10.077 +03 [85485] LOG:  unexpected EOF on client connection with an open transaction
2026-06-04 12:34:10.473 +03 [85514] LOG:  could not receive data from client: Connection reset by peer
2026-06-04 12:34:10.473 +03 [85512] LOG:  unexpected EOF on client connection with an open transaction
2026-06-04 12:34:10.473 +03 [85513] LOG:  could not receive data from client: Connection reset by peer
2026-06-04 12:34:10.473 +03 [85513] LOG:  unexpected EOF on client connection with an open transaction
2026-06-04 12:34:10.535 +03 [85522] LOG:  unexpected EOF on client connection with an open transaction
2026-06-04 12:34:10.535 +03 [85521] LOG:  unexpected EOF on client connection with an open transaction
2026-06-04 12:34:10.535 +03 [85523] LOG:  unexpected EOF on client connection with an open transaction
2026-06-04 12:34:10.535 +03 [85524] LOG:  unexpected EOF on client connection with an open transaction
2026-06-04 12:34:13.117 +03 [85561] LOG:  unexpected EOF on client connection with an open transaction
2026-06-04 12:34:13.117 +03 [85560] LOG:  unexpected EOF on client connection with an open transaction
2026-06-04 12:34:13.117 +03 [85558] LOG:  unexpected EOF on client connection with an open transaction
2026-06-04 12:34:13.117 +03 [85559] LOG:  unexpected EOF on client connection with an open transaction
2026-06-04 12:34:13.144 +03 [85551] LOG:  unexpected EOF on client connection with an open transaction
2026-06-04 12:34:13.144 +03 [85552] LOG:  unexpected EOF on client connection with an open transaction
2026-06-04 12:34:13.218 +03 [85549] LOG:  unexpected EOF on client connection with an open transaction
2026-06-04 12:34:13.218 +03 [85548] LOG:  unexpected EOF on client connection with an open transaction
2026-06-04 12:34:13.219 +03 [85546] LOG:  unexpected EOF on client connection with an open transaction
2026-06-04 12:34:13.218 +03 [85550] LOG:  unexpected EOF on client connection with an open transaction
2026-06-04 12:34:13.566 +03 [85575] LOG:  unexpected EOF on client connection with an open transaction
2026-06-04 12:34:13.566 +03 [85576] LOG:  unexpected EOF on client connection with an open transaction
2026-06-04 12:34:13.566 +03 [85577] LOG:  unexpected EOF on client connection with an open transaction
2026-06-04 12:34:13.566 +03 [85574] LOG:  unexpected EOF on client connection with an open transaction
2026-06-04 12:34:13.794 +03 [85580] LOG:  unexpected EOF on client connection with an open transaction
2026-06-04 12:34:13.794 +03 [85581] LOG:  unexpected EOF on client connection with an open transaction
2026-06-04 12:34:13.794 +03 [85579] LOG:  unexpected EOF on client connection with an open transaction
2026-06-04 12:34:13.794 +03 [85578] LOG:  unexpected EOF on client connection with an open transaction
2026-06-04 12:34:14.036 +03 [85568] LOG:  unexpected EOF on client connection with an open transaction
2026-06-04 12:34:14.941 +03 [85607] LOG:  unexpected EOF on client connection with an open transaction
2026-06-04 12:34:14.941 +03 [85609] LOG:  unexpected EOF on client connection with an open transaction
2026-06-04 12:34:14.941 +03 [85608] LOG:  unexpected EOF on client connection with an open transaction
2026-06-04 12:34:14.941 +03 [85606] LOG:  unexpected EOF on client connection with an open transaction
2026-06-04 12:34:15.340 +03 [85618] LOG:  unexpected EOF on client connection with an open transaction
2026-06-04 12:34:15.340 +03 [85619] LOG:  unexpected EOF on client connection with an open transaction
2026-06-04 12:34:15.407 +03 [85622] LOG:  unexpected EOF on client connection with an open transaction
2026-06-04 12:34:15.408 +03 [85616] LOG:  unexpected EOF on client connection with an open transaction
2026-06-04 12:34:15.407 +03 [85620] LOG:  unexpected EOF on client connection with an open transaction
2026-06-04 12:34:15.407 +03 [85621] LOG:  unexpected EOF on client connection with an open transaction
2026-06-04 12:34:15.819 +03 [85647] LOG:  unexpected EOF on client connection with an open transaction
2026-06-04 12:34:15.819 +03 [85644] LOG:  unexpected EOF on client connection with an open transaction
2026-06-04 12:34:15.819 +03 [85646] LOG:  unexpected EOF on client connection with an open transaction
2026-06-04 12:34:15.819 +03 [85645] LOG:  unexpected EOF on client connection with an open transaction
2026-06-04 12:34:15.895 +03 [85651] LOG:  unexpected EOF on client connection with an open transaction
2026-06-04 12:34:15.895 +03 [85650] LOG:  unexpected EOF on client connection with an open transaction
2026-06-04 12:34:15.895 +03 [85649] LOG:  unexpected EOF on client connection with an open transaction
2026-06-04 12:34:15.895 +03 [85648] LOG:  unexpected EOF on client connection with an open transaction
2026-06-04 12:34:17.100 +03 [85682] LOG:  unexpected EOF on client connection with an open transaction
2026-06-04 12:34:17.100 +03 [85683] LOG:  unexpected EOF on client connection with an open transaction
2026-06-04 12:34:17.100 +03 [85677] LOG:  unexpected EOF on client connection with an open transaction
2026-06-04 12:34:17.100 +03 [85684] LOG:  unexpected EOF on client connection with an open transaction
2026-06-04 12:34:17.199 +03 [85670] LOG:  unexpected EOF on client connection with an open transaction
2026-06-04 12:34:17.199 +03 [85675] LOG:  unexpected EOF on client connection with an open transaction
2026-06-04 12:34:17.199 +03 [85676] LOG:  unexpected EOF on client connection with an open transaction
2026-06-04 12:34:17.199 +03 [85674] LOG:  unexpected EOF on client connection with an open transaction
2026-06-04 12:34:17.203 +03 [85673] LOG:  unexpected EOF on client connection with an open transaction
2026-06-04 12:34:17.203 +03 [85672] LOG:  unexpected EOF on client connection with an open transaction
2026-06-04 12:34:17.594 +03 [85703] LOG:  unexpected EOF on client connection with an open transaction
2026-06-04 12:34:17.594 +03 [85698] LOG:  unexpected EOF on client connection with an open transaction
2026-06-04 12:34:17.594 +03 [85704] LOG:  unexpected EOF on client connection with an open transaction
2026-06-04 12:34:17.594 +03 [85702] LOG:  unexpected EOF on client connection with an open transaction
2026-06-04 12:34:17.722 +03 [85701] LOG:  unexpected EOF on client connection with an open transaction
2026-06-04 12:34:17.722 +03 [85699] LOG:  unexpected EOF on client connection with an open transaction
2026-06-04 12:34:17.722 +03 [85700] LOG:  unexpected EOF on client connection with an open transaction
2026-06-04 12:34:17.722 +03 [85697] LOG:  unexpected EOF on client connection with an open transaction
2026-06-04 12:34:18.248 +03 [85691] LOG:  unexpected EOF on client connection with an open transaction
2026-06-04 12:34:18.478 +03 [85719] LOG:  unexpected EOF on client connection with an open transaction
2026-06-04 12:34:18.479 +03 [85718] LOG:  unexpected EOF on client connection with an open transaction
2026-06-04 12:34:18.487 +03 [85722] LOG:  unexpected EOF on client connection with an open transaction
2026-06-04 12:34:18.487 +03 [85723] LOG:  unexpected EOF on client connection with an open transaction
2026-06-04 12:34:18.487 +03 [85721] LOG:  unexpected EOF on client connection with an open transaction
2026-06-04 12:34:18.487 +03 [85716] LOG:  unexpected EOF on client connection with an open transaction
2026-06-04 12:34:18.885 +03 [85750] LOG:  could not receive data from client: Connection reset by peer
2026-06-04 12:34:18.885 +03 [85748] LOG:  unexpected EOF on client connection with an open transaction
2026-06-04 12:34:18.885 +03 [85749] LOG:  could not receive data from client: Connection reset by peer
2026-06-04 12:34:19.003 +03 [85746] LOG:  unexpected EOF on client connection with an open transaction
2026-06-04 12:34:19.003 +03 [85747] LOG:  unexpected EOF on client connection with an open transaction
2026-06-04 12:34:19.003 +03 [85740] LOG:  unexpected EOF on client connection with an open transaction
2026-06-04 12:34:19.003 +03 [85745] LOG:  unexpected EOF on client connection with an open transaction
2026-06-04 12:34:19.362 +03 [85738] LOG:  unexpected EOF on client connection with an open transaction
2026-06-04 12:34:19.640 +03 [85765] LOG:  unexpected EOF on client connection with an open transaction
2026-06-04 12:34:19.640 +03 [85764] LOG:  unexpected EOF on client connection with an open transaction
2026-06-04 12:34:19.640 +03 [85763] LOG:  unexpected EOF on client connection with an open transaction
2026-06-04 12:34:19.640 +03 [85762] LOG:  unexpected EOF on client connection with an open transaction
2026-06-04 12:34:20.135 +03 [85778] LOG:  unexpected EOF on client connection with an open transaction
2026-06-04 12:34:20.135 +03 [85777] LOG:  unexpected EOF on client connection with an open transaction
2026-06-04 12:34:20.135 +03 [85776] LOG:  unexpected EOF on client connection with an open transaction
2026-06-04 12:34:20.135 +03 [85771] LOG:  unexpected EOF on client connection with an open transaction
2026-06-04 12:34:20.191 +03 [85791] LOG:  could not receive data from client: Connection reset by peer
2026-06-04 12:34:20.191 +03 [85788] LOG:  unexpected EOF on client connection with an open transaction
2026-06-04 12:34:20.191 +03 [85789] LOG:  could not receive data from client: Connection reset by peer
2026-06-04 12:34:20.191 +03 [85789] LOG:  unexpected EOF on client connection with an open transaction
2026-06-04 12:34:21.432 +03 [85813] LOG:  could not receive data from client: Connection reset by peer
2026-06-04 12:34:21.432 +03 [85811] LOG:  could not receive data from client: Connection reset by peer
2026-06-04 12:34:21.432 +03 [85803] LOG:  unexpected EOF on client connection with an open transaction
2026-06-04 12:34:21.468 +03 [85806] LOG:  unexpected EOF on client connection with an open transaction
2026-06-04 12:34:21.468 +03 [85805] LOG:  unexpected EOF on client connection with an open transaction
2026-06-04 12:34:21.564 +03 [85810] LOG:  unexpected EOF on client connection with an open transaction
2026-06-04 12:34:21.564 +03 [85809] LOG:  unexpected EOF on client connection with an open transaction
2026-06-04 12:34:21.564 +03 [85802] LOG:  unexpected EOF on client connection with an open transaction
2026-06-04 12:34:21.565 +03 [85808] LOG:  unexpected EOF on client connection with an open transaction
2026-06-04 12:34:21.940 +03 [85838] LOG:  unexpected EOF on client connection with an open transaction
2026-06-04 12:34:21.940 +03 [85829] LOG:  unexpected EOF on client connection with an open transaction
2026-06-04 12:34:21.940 +03 [85836] LOG:  unexpected EOF on client connection with an open transaction
2026-06-04 12:34:21.940 +03 [85837] LOG:  unexpected EOF on client connection with an open transaction
2026-06-04 12:34:21.951 +03 [85843] LOG:  unexpected EOF on client connection with an open transaction
2026-06-04 12:34:21.951 +03 [85842] LOG:  unexpected EOF on client connection with an open transaction
2026-06-04 12:34:21.951 +03 [85841] LOG:  unexpected EOF on client connection with an open transaction
2026-06-04 12:34:21.951 +03 [85840] LOG:  unexpected EOF on client connection with an open transaction
2026-06-04 12:34:22.891 +03 [4250] LOG:  checkpoint starting: time
2026-06-04 12:34:26.165 +03 [85886] LOG:  unexpected EOF on client connection with an open transaction
2026-06-04 12:34:26.165 +03 [85877] LOG:  unexpected EOF on client connection with an open transaction
2026-06-04 12:34:26.165 +03 [85885] LOG:  unexpected EOF on client connection with an open transaction
2026-06-04 12:34:26.165 +03 [85884] LOG:  unexpected EOF on client connection with an open transaction
2026-06-04 12:34:26.282 +03 [85883] LOG:  unexpected EOF on client connection with an open transaction
2026-06-04 12:34:26.282 +03 [85881] LOG:  unexpected EOF on client connection with an open transaction
2026-06-04 12:34:26.282 +03 [85876] LOG:  unexpected EOF on client connection with an open transaction
2026-06-04 12:34:26.282 +03 [85882] LOG:  unexpected EOF on client connection with an open transaction
2026-06-04 12:34:29.604 +03 [85930] LOG:  unexpected EOF on client connection with an open transaction
2026-06-04 12:34:29.604 +03 [85928] LOG:  unexpected EOF on client connection with an open transaction
2026-06-04 12:34:29.604 +03 [85929] LOG:  unexpected EOF on client connection with an open transaction
2026-06-04 12:34:29.604 +03 [85923] LOG:  unexpected EOF on client connection with an open transaction
2026-06-04 12:34:29.626 +03 [85937] LOG:  unexpected EOF on client connection with an open transaction
2026-06-04 12:34:29.626 +03 [85934] LOG:  unexpected EOF on client connection with an open transaction
2026-06-04 12:34:29.626 +03 [85936] LOG:  unexpected EOF on client connection with an open transaction
2026-06-04 12:34:29.626 +03 [85935] LOG:  unexpected EOF on client connection with an open transaction
2026-06-04 12:34:29.737 +03 [85924] LOG:  unexpected EOF on client connection with an open transaction
2026-06-04 12:34:30.084 +03 [85958] LOG:  could not receive data from client: Connection reset by peer
2026-06-04 12:34:30.084 +03 [85957] LOG:  could not receive data from client: Connection reset by peer
2026-06-04 12:34:30.084 +03 [85957] LOG:  unexpected EOF on client connection with an open transaction
2026-06-04 12:34:30.085 +03 [85951] LOG:  unexpected EOF on client connection with an open transaction
2026-06-04 12:34:30.223 +03 [85965] LOG:  unexpected EOF on client connection with an open transaction
2026-06-04 12:34:30.223 +03 [85964] LOG:  unexpected EOF on client connection with an open transaction
2026-06-04 12:34:30.223 +03 [85956] LOG:  unexpected EOF on client connection with an open transaction
2026-06-04 12:34:30.223 +03 [85963] LOG:  unexpected EOF on client connection with an open transaction
2026-06-04 12:34:32.551 +03 [85993] LOG:  unexpected EOF on client connection with an open transaction
2026-06-04 12:34:32.551 +03 [85995] LOG:  unexpected EOF on client connection with an open transaction
2026-06-04 12:34:32.552 +03 [85994] LOG:  unexpected EOF on client connection with an open transaction
2026-06-04 12:34:32.552 +03 [85988] LOG:  unexpected EOF on client connection with an open transaction
2026-06-04 12:34:32.557 +03 [85999] LOG:  unexpected EOF on client connection with an open transaction
2026-06-04 12:34:32.557 +03 [85998] LOG:  unexpected EOF on client connection with an open transaction
2026-06-04 12:34:32.557 +03 [85989] LOG:  unexpected EOF on client connection with an open transaction
2026-06-04 12:34:32.557 +03 [85997] LOG:  unexpected EOF on client connection with an open transaction
2026-06-04 12:34:33.524 +03 [86017] LOG:  unexpected EOF on client connection with an open transaction
2026-06-04 12:34:33.524 +03 [86019] LOG:  unexpected EOF on client connection with an open transaction
2026-06-04 12:34:34.048 +03 [86044] LOG:  unexpected EOF on client connection with an open transaction
2026-06-04 12:34:34.048 +03 [86043] LOG:  unexpected EOF on client connection with an open transaction
2026-06-04 12:34:34.048 +03 [86042] LOG:  unexpected EOF on client connection with an open transaction
2026-06-04 12:34:34.048 +03 [86037] LOG:  unexpected EOF on client connection with an open transaction
2026-06-04 12:34:34.054 +03 [86051] LOG:  unexpected EOF on client connection with an open transaction
2026-06-04 12:34:34.054 +03 [86050] LOG:  unexpected EOF on client connection with an open transaction
2026-06-04 12:34:34.054 +03 [86049] LOG:  unexpected EOF on client connection with an open transaction
2026-06-04 12:34:34.054 +03 [86041] LOG:  unexpected EOF on client connection with an open transaction
2026-06-04 12:34:43.264 +03 [86135] LOG:  unexpected EOF on client connection with an open transaction
2026-06-04 12:34:43.264 +03 [86128] LOG:  unexpected EOF on client connection with an open transaction
2026-06-04 12:34:43.264 +03 [86133] LOG:  unexpected EOF on client connection with an open transaction
2026-06-04 12:34:43.264 +03 [86134] LOG:  unexpected EOF on client connection with an open transaction
2026-06-04 12:34:43.267 +03 [86136] LOG:  unexpected EOF on client connection with an open transaction
2026-06-04 12:34:43.267 +03 [86129] LOG:  unexpected EOF on client connection with an open transaction
2026-06-04 12:34:43.267 +03 [86138] LOG:  unexpected EOF on client connection with an open transaction
2026-06-04 12:34:43.267 +03 [86137] LOG:  unexpected EOF on client connection with an open transaction
2026-06-04 12:34:43.410 +03 [86130] LOG:  unexpected EOF on client connection with an open transaction
2026-06-04 12:34:43.798 +03 [86169] LOG:  could not receive data from client: Connection reset by peer
2026-06-04 12:34:43.798 +03 [86168] LOG:  could not receive data from client: Connection reset by peer
2026-06-04 12:34:43.798 +03 [86160] LOG:  unexpected EOF on client connection with an open transaction
2026-06-04 12:34:44.001 +03 [86165] LOG:  unexpected EOF on client connection with an open transaction
2026-06-04 12:34:44.001 +03 [86163] LOG:  unexpected EOF on client connection with an open transaction
2026-06-04 12:34:44.001 +03 [86166] LOG:  unexpected EOF on client connection with an open transaction
2026-06-04 12:34:44.001 +03 [86164] LOG:  unexpected EOF on client connection with an open transaction
2026-06-04 12:34:44.243 +03 [86157] LOG:  unexpected EOF on client connection with an open transaction
2026-06-04 12:34:44.603 +03 [86190] LOG:  unexpected EOF on client connection with an open transaction
2026-06-04 12:34:44.603 +03 [86189] LOG:  unexpected EOF on client connection with an open transaction
2026-06-04 12:34:44.603 +03 [86188] LOG:  unexpected EOF on client connection with an open transaction
2026-06-04 12:34:44.604 +03 [86184] LOG:  unexpected EOF on client connection with an open transaction
2026-06-04 12:34:44.633 +03 [86196] LOG:  unexpected EOF on client connection with an open transaction
2026-06-04 12:34:44.633 +03 [86198] LOG:  unexpected EOF on client connection with an open transaction
2026-06-04 12:34:44.633 +03 [86195] LOG:  unexpected EOF on client connection with an open transaction
2026-06-04 12:34:46.973 +03 [86229] LOG:  unexpected EOF on client connection with an open transaction
2026-06-04 12:34:46.973 +03 [86222] LOG:  unexpected EOF on client connection with an open transaction
2026-06-04 12:34:46.973 +03 [86227] LOG:  unexpected EOF on client connection with an open transaction
2026-06-04 12:34:47.774 +03 [86245] LOG:  unexpected EOF on client connection with an open transaction
2026-06-04 12:34:47.775 +03 [86243] LOG:  unexpected EOF on client connection with an open transaction
2026-06-04 12:34:47.774 +03 [86244] LOG:  unexpected EOF on client connection with an open transaction
2026-06-04 12:34:47.775 +03 [86246] LOG:  unexpected EOF on client connection with an open transaction
2026-06-04 12:35:31.474 +03 [4250] LOG:  checkpoint complete: wrote 682 buffers (4.2%); 0 WAL file(s) added, 0 removed, 0 recycled; write=68.576 s, sync=0.003 s, total=68.583 s; sync files=49, longest=0.001 s, average=0.001 s; distance=5529 kB, estimate=5529 kB
2026-06-04 12:39:22.474 +03 [4250] LOG:  checkpoint starting: time
2026-06-04 12:40:00.003 +03 [4250] LOG:  checkpoint complete: wrote 372 buffers (2.3%); 0 WAL file(s) added, 0 removed, 0 recycled; write=37.525 s, sync=0.003 s, total=37.530 s; sync files=43, longest=0.001 s, average=0.001 s; distance=3372 kB, estimate=5313 kB
2026-06-04 12:44:22.003 +03 [4250] LOG:  checkpoint starting: time
2026-06-04 12:44:24.672 +03 [4250] LOG:  checkpoint complete: wrote 27 buffers (0.2%); 0 WAL file(s) added, 0 removed, 0 recycled; write=2.661 s, sync=0.002 s, total=2.670 s; sync files=11, longest=0.001 s, average=0.001 s; distance=151 kB, estimate=4797 kB
2026-06-04 12:49:22.672 +03 [4250] LOG:  checkpoint starting: time
2026-06-04 12:49:36.912 +03 [4250] LOG:  checkpoint complete: wrote 142 buffers (0.9%); 0 WAL file(s) added, 0 removed, 0 recycled; write=14.232 s, sync=0.004 s, total=14.240 s; sync files=24, longest=0.001 s, average=0.001 s; distance=1084 kB, estimate=4426 kB
2026-06-04 12:54:22.966 +03 [4250] LOG:  checkpoint starting: time
2026-06-04 12:54:33.969 +03 [4250] LOG:  checkpoint complete: wrote 108 buffers (0.7%); 0 WAL file(s) added, 0 removed, 0 recycled; write=10.990 s, sync=0.006 s, total=11.003 s; sync files=30, longest=0.002 s, average=0.001 s; distance=386 kB, estimate=4022 kB
2026-06-04 12:59:22.972 +03 [4250] LOG:  checkpoint starting: time
2026-06-04 12:59:30.031 +03 [4250] LOG:  checkpoint complete: wrote 70 buffers (0.4%); 0 WAL file(s) added, 0 removed, 0 recycled; write=7.054 s, sync=0.003 s, total=7.060 s; sync files=27, longest=0.001 s, average=0.001 s; distance=306 kB, estimate=3650 kB
2026-06-04 13:09:22.009 +03 [4250] LOG:  checkpoint starting: time
2026-06-04 13:09:24.866 +03 [4250] LOG:  checkpoint complete: wrote 29 buffers (0.2%); 0 WAL file(s) added, 0 removed, 0 recycled; write=2.852 s, sync=0.003 s, total=2.858 s; sync files=17, longest=0.001 s, average=0.001 s; distance=121 kB, estimate=3297 kB
2026-06-04 13:19:22.868 +03 [4250] LOG:  checkpoint starting: time
2026-06-04 13:19:56.919 +03 [4250] LOG:  checkpoint complete: wrote 335 buffers (2.0%); 0 WAL file(s) added, 0 removed, 1 recycled; write=34.047 s, sync=0.003 s, total=34.051 s; sync files=59, longest=0.002 s, average=0.001 s; distance=2017 kB, estimate=3169 kB
2026-06-04 13:24:22.936 +03 [4250] LOG:  checkpoint starting: time
2026-06-04 13:24:27.640 +03 [4250] LOG:  checkpoint complete: wrote 47 buffers (0.3%); 0 WAL file(s) added, 0 removed, 0 recycled; write=4.698 s, sync=0.003 s, total=4.705 s; sync files=17, longest=0.001 s, average=0.001 s; distance=377 kB, estimate=2890 kB
2026-06-04 13:29:22.643 +03 [4250] LOG:  checkpoint starting: time
2026-06-04 13:29:29.459 +03 [4250] LOG:  checkpoint complete: wrote 68 buffers (0.4%); 0 WAL file(s) added, 0 removed, 0 recycled; write=6.812 s, sync=0.002 s, total=6.816 s; sync files=20, longest=0.001 s, average=0.001 s; distance=291 kB, estimate=2630 kB
2026-06-04 13:34:22.461 +03 [4250] LOG:  checkpoint starting: time
2026-06-04 13:34:30.853 +03 [4250] LOG:  checkpoint complete: wrote 83 buffers (0.5%); 0 WAL file(s) added, 0 removed, 0 recycled; write=8.384 s, sync=0.003 s, total=8.392 s; sync files=30, longest=0.001 s, average=0.001 s; distance=454 kB, estimate=2412 kB
2026-06-04 13:39:22.855 +03 [4250] LOG:  checkpoint starting: time
2026-06-04 13:39:32.873 +03 [4250] LOG:  checkpoint complete: wrote 99 buffers (0.6%); 0 WAL file(s) added, 0 removed, 0 recycled; write=10.010 s, sync=0.005 s, total=10.019 s; sync files=58, longest=0.001 s, average=0.001 s; distance=548 kB, estimate=2226 kB
2026-06-04 13:44:22.907 +03 [4250] LOG:  checkpoint starting: time
2026-06-04 13:44:26.069 +03 [4250] LOG:  checkpoint complete: wrote 32 buffers (0.2%); 0 WAL file(s) added, 0 removed, 0 recycled; write=3.158 s, sync=0.003 s, total=3.162 s; sync files=21, longest=0.001 s, average=0.001 s; distance=149 kB, estimate=2018 kB
2026-06-04 13:49:22.073 +03 [4250] LOG:  checkpoint starting: time
2026-06-04 13:49:32.856 +03 [4250] LOG:  checkpoint complete: wrote 107 buffers (0.7%); 0 WAL file(s) added, 0 removed, 0 recycled; write=10.774 s, sync=0.005 s, total=10.783 s; sync files=46, longest=0.001 s, average=0.001 s; distance=529 kB, estimate=1869 kB
2026-06-04 13:54:22.860 +03 [4250] LOG:  checkpoint starting: time
2026-06-04 13:54:35.804 +03 [4250] LOG:  checkpoint complete: wrote 128 buffers (0.8%); 0 WAL file(s) added, 0 removed, 0 recycled; write=12.936 s, sync=0.004 s, total=12.945 s; sync files=46, longest=0.001 s, average=0.001 s; distance=631 kB, estimate=1746 kB
2026-06-04 13:59:22.825 +03 [4250] LOG:  checkpoint starting: time
2026-06-04 14:00:04.940 +03 [4250] LOG:  checkpoint complete: wrote 415 buffers (2.5%); 0 WAL file(s) added, 0 removed, 0 recycled; write=42.106 s, sync=0.005 s, total=42.115 s; sync files=97, longest=0.001 s, average=0.001 s; distance=2452 kB, estimate=2452 kB
2026-06-04 14:04:22.944 +03 [4250] LOG:  checkpoint starting: time
2026-06-04 14:04:23.864 +03 [4250] LOG:  checkpoint complete: wrote 10 buffers (0.1%); 0 WAL file(s) added, 0 removed, 0 recycled; write=0.916 s, sync=0.001 s, total=0.920 s; sync files=9, longest=0.001 s, average=0.001 s; distance=48 kB, estimate=2212 kB
2026-06-04 14:09:22.869 +03 [4250] LOG:  checkpoint starting: time
2026-06-04 14:09:23.901 +03 [4250] LOG:  checkpoint complete: wrote 11 buffers (0.1%); 0 WAL file(s) added, 0 removed, 0 recycled; write=1.028 s, sync=0.002 s, total=1.033 s; sync files=9, longest=0.001 s, average=0.001 s; distance=31 kB, estimate=1994 kB
2026-06-04 14:14:22.910 +03 [4250] LOG:  checkpoint starting: time
2026-06-04 14:14:53.903 +03 [4250] LOG:  checkpoint complete: wrote 306 buffers (1.9%); 0 WAL file(s) added, 0 removed, 0 recycled; write=30.988 s, sync=0.002 s, total=30.993 s; sync files=45, longest=0.001 s, average=0.001 s; distance=1607 kB, estimate=1955 kB
